0.5,0,0.9,0.000796327,1,0,-1,0.000796327,0,0.75,-1,1,0,1,0,0,0,0,0,0,0,0,0,0,0,0,0,0,0,0,0,0,0,0,0,0,0,0,0,0,0,0,0,0,0,0,0,0,0,0,0,0,0,0,0,0,0,0,0,0,0,0,0,0,0,0,0,0,0,0,0,0,0,0,0,0,0,0,0,0,0,0,0,0,0,0,0,0,0,0,0,0,0,0,0,0,0,0,0,0,0,0,0,0,0,0,0,0,0,0,0,0,0,0,0,0,0,0,0,0,0,0,0,0,0,0,0,0,0,0,0,0,0,0,0,0,0,0,0,
0.5,0,0.9,0.000796327,1,0,-1,0.000796327,0,0.75,-1,1,0,1,0.18047,-0.374801,-0.0701537,0.0167345,-0.217295,-0.0209164,-0.128461,0,0,0,0,0,0,0,0,0,0,0,0,0,0,0,0,0,0,0,0,0,0,0,0,0,0,0,0,-0.0138068,0.676973,0.735866,-0.0535887,-0.735379,0.675519,0,0,0,0,0,0,0,0,0,0,0,0,0,0,0,0,0,0,0,0,0,0,0,0,-3.01699e-18,0.657836,0.753162,-8.94156e-17,-0.753162,0.657836,0,0,0,0,0,0,0,0,0,0,0,0,0,0,0,0,0,0,0,0,0,0,0,0,0.351,-0.00802127,1.01873,0,0,0,0,0,0,0,0,0,0,0,0,0.350677,-0.0053561,1.02087,0,0,0,0,0,0,0,0,0,0,0,0,
0.5,0,0.9,0.000796327,1,0,-1,0.000796327,0,0.75,-1,1,0,1,0.171212,-0.376787,-0.0707528,0.0167875,-0.218343,-0.0360591,-0.124533,0.18047,-0.374801,-0.0701537,0.0167345,-0.217295,-0.0209164,-0.128461,0,0,0,0,0,0,0,0,0,0,0,0,0,0,0,0,0,0,0,0,0,0.030144,0.666345,0.745021,-0.0657794,-0.742422,0.666681,-0.0138068,0.676973,0.735866,-0.0535887,-0.735379,0.675519,0,0,0,0,0,0,0,0,0,0,0,0,0,0,0,0,0,0,-8.26033e-18,0.572205,0.82011,-9.35151e-17,-0.82011,0.572205,-3.01699e-18,0.657836,0.753162,-8.94156e-17,-0.753162,0.657836,0,0,0,0,0,0,0,0,0,0,0,0,0,0,0,0,0,0,0.351,-0.0208601,1.01716,0.351,-0.00802127,1.01873,0,0,0,0,0,0,0,0,0,0.351239,-0.0190513,1.01602,0.350677,-0.0053561,1.02087,0,0,0,0,0,0,0,0,0,
0.5,0,0.9,0.000796327,1,0,-1,0.000796327,0,0.75,-1,1,0,1,0.157759,-0.372496,-0.0680584,0.0281138,-0.216747,-0.0520168,-0.100736,0.171212,-0.376787,-0.0707528,0.0167875,-0.218343,-0.0360591,-0.124533,0.18047,-0.374801,-0.0701537,0.0167345,-0.217295,-0.0209164,-0.128461,0,0,0,0,0,0,0,0,0,0,0,0,0,0,0.0658011,0.606947,0.792001,-0.0881758,-0.787079,0.610501,0.030144,0.666345,0.745021,-0.0657794,-0.742422,0.666681,-0.0138068,0.676973,0.735866,-0.0535887,-0.735379,0.675519,0,0,0,0,0,0,0,0,0,0,0,0,-1.25784e-17,0.501686,0.86505,-9.62668e-17,-0.86505,0.501686,-8.26033e-18,0.572205,0.82011,-9.35151e-17,-0.82011,0.572205,-3.01699e-18,0.657836,0.753162,-8.94156e-17,-0.753162,0.657836,0,0,0,0,0,0,0,0,0,0,0,0,0.351,-0.0305755,1.015,0.351,-0.0208601,1.01716,0.351,-0.00802127,1.01873,0,0,0,0,0,0,0.350537,-0.0296084,1.01563,0.351239,-0.0190513,1.01602,0.350677,-0.0053561,1.02087,0,0,0,0,0,0,
0.5,0,0.9,0.000796327,1,0,-1,0.000796327,0,0.75,-1,1,0,1,0.153863,-0.363338,-0.0675005,0.0593817,-0.203849,-0.0965595,-0.0897162,0.157759,-0.372496,-0.0680584,0.0281138,-0.216747,-0.0520168,-0.100736,0.171212,-0.376787,-0.0707528,0.0167875,-0.218343,-0.0360591,-0.124533,0.18047,-0.374801,-0.0701537,0.0167345,-0.217295,-0.0209164,-0.128461,0,0,0,0,0,0,0,0.123344,0.544574,0.829582,-0.0739816,-0.828593,0.554925,0.0658011,0.606947,0.792001,-0.0881758,-0.787079,0.610501,0.030144,0.666345,0.745021,-0.0657794,-0.742422,0.666681,-0.0138068,0.676973,0.735866,-0.0535887,-0.735379,0.675519,0,0,0,0,0,0,-1.71576e-17,0.426901,0.904298,-9.86701e-17,-0.904298,0.426901,-1.25784e-17,0.501686,0.86505,-9.62668e-17,-0.86505,0.501686,-8.26033e-18,0.572205,0.82011,-9.35151e-17,-0.82011,0.572205,-3.01699e-18,0.657836,0.753162,-8.94156e-17,-0.753162,0.657836,0,0,0,0,0,0,0.351,-0.0401709,1.01201,0.351,-0.0305755,1.015,0.351,-0.0208601,1.01716,0.351,-0.00802127,1.01873,0,0,0,0.350528,-0.0389591,1.01241,0.350537,-0.0296084,1.01563,0.351239,-0.0190513,1.01602,0.350677,-0.0053561,1.02087,0,0,0,
0.5,0,0.9,0.000796327,1,0,-1,0.000796327,0,0.75,-1,1,0,1,0.149269,-0.357556,-0.0687219,0.0796802,-0.192641,-0.123896,-0.0700899,0.153863,-0.363338,-0.0675005,0.0593817,-0.203849,-0.0965595,-0.0897162,0.157759,-0.372496,-0.0680584,0.0281138,-0.216747,-0.0520168,-0.100736,0.171212,-0.376787,-0.0707528,0.0167875,-0.218343,-0.0360591,-0.124533,0.18047,-0.374801,-0.0701537,0.0167345,-0.217295,-0.0209164,-0.128461,0.158227,0.462526,0.872361,-0.0756149,-0.875221,0.477757,0.123344,0.544574,0.829582,-0.0739816,-0.828593,0.554925,0.0658011,0.606947,0.792001,-0.0881758,-0.787079,0.610501,0.030144,0.666345,0.745021,-0.0657794,-0.742422,0.666681,-0.0138068,0.676973,0.735866,-0.0535887,-0.735379,0.675519,-2.19233e-17,0.349072,0.937096,-1.00678e-16,-0.937096,0.349072,-1.71576e-17,0.426901,0.904298,-9.86701e-17,-0.904298,0.426901,-1.25784e-17,0.501686,0.86505,-9.62668e-17,-0.86505,0.501686,-8.26033e-18,0.572205,0.82011,-9.35151e-17,-0.82011,0.572205,-3.01699e-18,0.657836,0.753162,-8.94156e-17,-0.753162,0.657836,0.351,-0.0494797,1.00823,0.351,-0.0401709,1.01201,0.351,-0.0305755,1.015,0.351,-0.0208601,1.01716,0.351,-0.00802127,1.01873,0.349974,-0.0482862,1.00981,0.350528,-0.0389591,1.01241,0.350537,-0.0296084,1.01563,0.351239,-0.0190513,1.01602,0.350677,-0.0053561,1.02087,
0.5,0,0.9,0.000796327,1,0,-1,0.000796327,0,0.75,-1,1,0,1,0.132054,-0.356372,-0.0662454,0.0762713,-0.188592,-0.127424,-0.0242416,0.149269,-0.357556,-0.0687219,0.0796802,-0.192641,-0.123896,-0.0700899,0.153863,-0.363338,-0.0675005,0.0593817,-0.203849,-0.0965595,-0.0897162,0.157759,-0.372496,-0.0680584,0.0281138,-0.216747,-0.0520168,-0.100736,0.171212,-0.376787,-0.0707528,0.0167875,-0.218343,-0.0360591,-0.124533,0.170087,0.328555,0.929033,-0.12514,-0.927936,0.351078,0.158227,0.462526,0.872361,-0.0756149,-0.875221,0.477757,0.123344,0.544574,0.829582,-0.0739816,-0.828593,0.554925,0.0658011,0.606947,0.792001,-0.0881758,-0.787079,0.610501,0.030144,0.666345,0.745021,-0.0657794,-0.742422,0.666681,-2.68414e-17,0.268753,0.963209,-1.02277e-16,-0.963209,0.268753,-2.19233e-17,0.349072,0.937096,-1.00678e-16,-0.937096,0.349072,-1.71576e-17,0.426901,0.904298,-9.86701e-17,-0.904298,0.426901,-1.25784e-17,0.501686,0.86505,-9.62668e-17,-0.86505,0.501686,-8.26033e-18,0.572205,0.82011,-9.35151e-17,-0.82011,0.572205,0.351,-0.0584355,1.00366,0.351,-0.0494797,1.00823,0.351,-0.0401709,1.01201,0.351,-0.0305755,1.015,0.351,-0.0208601,1.01716,0.350297,-0.0583068,1.00594,0.349974,-0.0482862,1.00981,0.350528,-0.0389591,1.01241,0.350537,-0.0296084,1.01563,0.351239,-0.0190513,1.01602,
0.5,0,0.9,0.000796327,1,0,-1,0.000796327,0,0.75,-1,1,0,1,0.118746,-0.349484,-0.0633378,0.0918609,-0.177173,-0.160341,0.0113007,0.132054,-0.356372,-0.0662454,0.0762713,-0.188592,-0.127424,-0.0242416,0.149269,-0.357556,-0.0687219,0.0796802,-0.192641,-0.123896,-0.0700899,0.153863,-0.363338,-0.0675005,0.0593817,-0.203849,-0.0965595,-0.0897162,0.157759,-0.372496,-0.0680584,0.0281138,-0.216747,-0.0520168,-0.100736,0.212185,0.194195,0.95773,-0.157916,-0.960352,0.229713,0.170087,0.328555,0.929033,-0.12514,-0.927936,0.351078,0.158227,0.462526,0.872361,-0.0756149,-0.875221,0.477757,0.123344,0.544574,0.829582,-0.0739816,-0.828593,0.554925,0.0658011,0.606947,0.792001,-0.0881758,-0.787079,0.610501,-3.1877e-17,0.186516,0.982452,-1.03456e-16,-0.982452,0.186516,-2.68414e-17,0.268753,0.963209,-1.02277e-16,-0.963209,0.268753,-2.19233e-17,0.349072,0.937096,-1.00678e-16,-0.937096,0.349072,-1.71576e-17,0.426901,0.904298,-9.86701e-17,-0.904298,0.426901,-1.25784e-17,0.501686,0.86505,-9.62668e-17,-0.86505,0.501686,0.351,-0.0669745,0.998364,0.351,-0.0584355,1.00366,0.351,-0.0494797,1.00823,0.351,-0.0401709,1.01201,0.351,-0.0305755,1.015,0.350491,-0.0666059,0.998214,0.350297,-0.0583068,1.00594,0.349974,-0.0482862,1.00981,0.350528,-0.0389591,1.01241,0.350537,-0.0296084,1.01563,
0.5,0,0.9,0.000796327,1,0,-1,0.000796327,0,0.75,-1,1,0,1,0.113652,-0.336704,-0.0648359,0.125833,-0.159051,-0.202543,0.0384149,0.118746,-0.349484,-0.0633378,0.0918609,-0.177173,-0.160341,0.0113007,0.132054,-0.356372,-0.0662454,0.0762713,-0.188592,-0.127424,-0.0242416,0.149269,-0.357556,-0.0687219,0.0796802,-0.192641,-0.123896,-0.0700899,0.153863,-0.363338,-0.0675005,0.0593817,-0.203849,-0.0965595,-0.0897162,0.254998,0.0611786,0.964994,-0.176087,-0.978361,0.108557,0.212185,0.194195,0.95773,-0.157916,-0.960352,0.229713,0.170087,0.328555,0.929033,-0.12514,-0.927936,0.351078,0.158227,0.462526,0.872361,-0.0756149,-0.875221,0.477757,0.123344,0.544574,0.829582,-0.0739816,-0.828593,0.554925,-3.69939e-17,0.10295,0.994687,-1.04205e-16,-0.994687,0.10295,-3.1877e-17,0.186516,0.982452,-1.03456e-16,-0.982452,0.186516,-2.68414e-17,0.268753,0.963209,-1.02277e-16,-0.963209,0.268753,-2.19233e-17,0.349072,0.937096,-1.00678e-16,-0.937096,0.349072,-1.71576e-17,0.426901,0.904298,-9.86701e-17,-0.904298,0.426901,0.351,-0.0750358,0.992361,0.351,-0.0669745,0.998364,0.351,-0.0584355,1.00366,0.351,-0.0494797,1.00823,0.351,-0.0401709,1.01201,0.350487,-0.073795,0.992689,0.350491,-0.0666059,0.998214,0.350297,-0.0583068,1.00594,0.349974,-0.0482862,1.00981,0.350528,-0.0389591,1.01241,
0.5,0,0.9,0.000796327,1,0,-1,0.000796327,0,0.75,-1,1,0,1,0.113932,-0.325081,-0.0710009,0.159908,-0.136649,-0.24353,0.0592987,0.113652,-0.336704,-0.0648359,0.125833,-0.159051,-0.202543,0.0384149,0.118746,-0.349484,-0.0633378,0.0918609,-0.177173,-0.160341,0.0113007,0.132054,-0.356372,-0.0662454,0.0762713,-0.188592,-0.127424,-0.0242416,0.149269,-0.357556,-0.0687219,0.0796802,-0.192641,-0.123896,-0.0700899,0.29712,-0.0628553,0.952759,-0.182673,-0.983132,-0.00789208,0.254998,0.0611786,0.964994,-0.176087,-0.978361,0.108557,0.212185,0.194195,0.95773,-0.157916,-0.960352,0.229713,0.170087,0.328555,0.929033,-0.12514,-0.927936,0.351078,0.158227,0.462526,0.872361,-0.0756149,-0.875221,0.477757,-4.21559e-17,0.0186489,0.999826,-1.04519e-16,-0.999826,0.0186489,-3.69939e-17,0.10295,0.994687,-1.04205e-16,-0.994687,0.10295,-3.1877e-17,0.186516,0.982452,-1.03456e-16,-0.982452,0.186516,-2.68414e-17,0.268753,0.963209,-1.02277e-16,-0.963209,0.268753,-2.19233e-17,0.349072,0.937096,-1.00678e-16,-0.937096,0.349072,0.351,-0.0825618,0.9857,0.351,-0.0750358,0.992361,0.351,-0.0669745,0.998364,0.351,-0.0584355,1.00366,0.351,-0.0494797,1.00823,0.350142,-0.0809496,0.98623,0.350487,-0.073795,0.992689,0.350491,-0.0666059,0.998214,0.350297,-0.0583068,1.00594,0.349974,-0.0482862,1.00981,
0.5,0,0.9,0.000796327,1,0,-1,0.000796327,0,0.75,-1,1,0,1,0.119186,-0.313606,-0.0821878,0.194597,-0.11011,-0.283135,0.0776575,0.113932,-0.325081,-0.0710009,0.159908,-0.136649,-0.24353,0.0592987,0.113652,-0.336704,-0.0648359,0.125833,-0.159051,-0.202543,0.0384149,0.118746,-0.349484,-0.0633378,0.0918609,-0.177173,-0.160341,0.0113007,0.132054,-0.356372,-0.0662454,0.0762713,-0.188592,-0.127424,-0.0242416,0.340569,-0.183203,0.922188,-0.180763,-0.975283,-0.126994,0.29712,-0.0628553,0.952759,-0.182673,-0.983132,-0.00789208,0.254998,0.0611786,0.964994,-0.176087,-0.978361,0.108557,0.212185,0.194195,0.95773,-0.157916,-0.960352,0.229713,0.170087,0.328555,0.929033,-0.12514,-0.927936,0.351078,-4.7326e-17,-0.0657854,0.997834,-1.04398e-16,-0.997834,-0.0657854,-4.21559e-17,0.0186489,0.999826,-1.04519e-16,-0.999826,0.0186489,-3.69939e-17,0.10295,0.994687,-1.04205e-16,-0.994687,0.10295,-3.1877e-17,0.186516,0.982452,-1.03456e-16,-0.982452,0.186516,-2.68414e-17,0.268753,0.963209,-1.02277e-16,-0.963209,0.268753,0.351,-0.089499,0.978428,0.351,-0.0825618,0.9857,0.351,-0.0750358,0.992361,0.351,-0.0669745,0.998364,0.351,-0.0584355,1.00366,0.350198,-0.0880305,0.979021,0.350142,-0.0809496,0.98623,0.350487,-0.073795,0.992689,0.350491,-0.0666059,0.998214,0.350297,-0.0583068,1.00594,
0.5,0,0.9,0.000796327,1,0,-1,0.000796327,0,0.75,-1,1,0,1,0.128747,-0.305582,-0.097644,0.222347,-0.0808096,-0.316609,0.0924891,0.119186,-0.313606,-0.0821878,0.194597,-0.11011,-0.283135,0.0776575,0.113932,-0.325081,-0.0710009,0.159908,-0.136649,-0.24353,0.0592987,0.113652,-0.336704,-0.0648359,0.125833,-0.159051,-0.202543,0.0384149,0.118746,-0.349484,-0.0633378,0.0918609,-0.177173,-0.160341,0.0113007,0.383931,-0.288419,0.87715,-0.168401,-0.955894,-0.240602,0.340569,-0.183203,0.922188,-0.180763,-0.975283,-0.126994,0.29712,-0.0628553,0.952759,-0.182673,-0.983132,-0.00789208,0.254998,0.0611786,0.964994,-0.176087,-0.978361,0.108557,0.212185,0.194195,0.95773,-0.157916,-0.960352,0.229713,-5.24674e-17,-0.14975,0.988724,-1.0384e-16,-0.988724,-0.14975,-4.7326e-17,-0.0657854,0.997834,-1.04398e-16,-0.997834,-0.0657854,-4.21559e-17,0.0186489,0.999826,-1.04519e-16,-0.999826,0.0186489,-3.69939e-17,0.10295,0.994687,-1.04205e-16,-0.994687,0.10295,-3.1877e-17,0.186516,0.982452,-1.03456e-16,-0.982452,0.186516,0.351,-0.0957977,0.970596,0.351,-0.089499,0.978428,0.351,-0.0825618,0.9857,0.351,-0.0750358,0.992361,0.351,-0.0669745,0.998364,0.35041,-0.0945048,0.971156,0.350198,-0.0880305,0.979021,0.350142,-0.0809496,0.98623,0.350487,-0.073795,0.992689,0.350491,-0.0666059,0.998214,
0.5,0,0.9,0.000796327,1,0,-1,0.000796327,0,0.75,-1,1,0,1,0.141918,-0.305766,-0.115947,0.233764,-0.050824,-0.336906,0.103088,0.128747,-0.305582,-0.097644,0.222347,-0.0808096,-0.316609,0.0924891,0.119186,-0.313606,-0.0821878,0.194597,-0.11011,-0.283135,0.0776575,0.113932,-0.325081,-0.0710009,0.159908,-0.136649,-0.24353,0.0592987,0.113652,-0.336704,-0.0648359,0.125833,-0.159051,-0.202543,0.0384149,0.421277,-0.371908,0.827159,-0.142309,-0.927852,-0.344703,0.383931,-0.288419,0.87715,-0.168401,-0.955894,-0.240602,0.340569,-0.183203,0.922188,-0.180763,-0.975283,-0.126994,0.29712,-0.0628553,0.952759,-0.182673,-0.983132,-0.00789208,0.254998,0.0611786,0.964994,-0.176087,-0.978361,0.108557,-5.74935e-17,-0.231833,0.972756,-1.02862e-16,-0.972756,-0.231833,-5.24674e-17,-0.14975,0.988724,-1.0384e-16,-0.988724,-0.14975,-4.7326e-17,-0.0657854,0.997834,-1.04398e-16,-0.997834,-0.0657854,-4.21559e-17,0.0186489,0.999826,-1.04519e-16,-0.999826,0.0186489,-3.69939e-17,0.10295,0.994687,-1.04205e-16,-0.994687,0.10295,0.351,-0.101361,0.962345,0.351,-0.0957977,0.970596,0.351,-0.089499,0.978428,0.351,-0.0825618,0.9857,0.351,-0.0750358,0.992361,0.350318,-0.100888,0.96347,0.35041,-0.0945048,0.971156,0.350198,-0.0880305,0.979021,0.350142,-0.0809496,0.98623,0.350487,-0.073795,0.992689,
0.5,0,0.9,0.000796327,1,0,-1,0.000796327,0,0.75,-1,1,0,1,0.156089,-0.315613,-0.133787,0.223797,-0.0220151,-0.342318,0.111785,0.141918,-0.305766,-0.115947,0.233764,-0.050824,-0.336906,0.103088,0.128747,-0.305582,-0.097644,0.222347,-0.0808096,-0.316609,0.0924891,0.119186,-0.313606,-0.0821878,0.194597,-0.11011,-0.283135,0.0776575,0.113932,-0.325081,-0.0710009,0.159908,-0.136649,-0.24353,0.0592987,0.452333,-0.439571,0.775985,-0.106906,-0.890539,-0.442145,0.421277,-0.371908,0.827159,-0.142309,-0.927852,-0.344703,0.383931,-0.288419,0.87715,-0.168401,-0.955894,-0.240602,0.340569,-0.183203,0.922188,-0.180763,-0.975283,-0.126994,0.29712,-0.0628553,0.952759,-0.182673,-0.983132,-0.00789208,-6.2469e-17,-0.31309,0.949723,-1.01452e-16,-0.949723,-0.31309,-5.74935e-17,-0.231833,0.972756,-1.02862e-16,-0.972756,-0.231833,-5.24674e-17,-0.14975,0.988724,-1.0384e-16,-0.988724,-0.14975,-4.7326e-17,-0.0657854,0.997834,-1.04398e-16,-0.997834,-0.0657854,-4.21559e-17,0.0186489,0.999826,-1.04519e-16,-0.999826,0.0186489,0.351,-0.10626,0.95357,0.351,-0.101361,0.962345,0.351,-0.0957977,0.970596,0.351,-0.089499,0.978428,0.351,-0.0825618,0.9857,0.35055,-0.106613,0.955243,0.350318,-0.100888,0.96347,0.35041,-0.0945048,0.971156,0.350198,-0.0880305,0.979021,0.350142,-0.0809496,0.98623,
0.5,0,0.9,0.000796327,1,0,-1,0.000796327,0,0.75,-1,1,0,1,0.168764,-0.337374,-0.147596,0.187788,0.00342019,-0.333159,0.119437,0.156089,-0.315613,-0.133787,0.223797,-0.0220151,-0.342318,0.111785,0.141918,-0.305766,-0.115947,0.233764,-0.050824,-0.336906,0.103088,0.128747,-0.305582,-0.097644,0.222347,-0.0808096,-0.316609,0.0924891,0.119186,-0.313606,-0.0821878,0.194597,-0.11011,-0.283135,0.0776575,0.478849,-0.49408,0.725651,-0.0661681,-0.844543,-0.531367,0.452333,-0.439571,0.775985,-0.106906,-0.890539,-0.442145,0.421277,-0.371908,0.827159,-0.142309,-0.927852,-0.344703,0.383931,-0.288419,0.87715,-0.168401,-0.955894,-0.240602,0.340569,-0.183203,0.922188,-0.180763,-0.975283,-0.126994,-6.73078e-17,-0.392113,0.919917,-9.96265e-17,-0.919917,-0.392113,-6.2469e-17,-0.31309,0.949723,-1.01452e-16,-0.949723,-0.31309,-5.74935e-17,-0.231833,0.972756,-1.02862e-16,-0.972756,-0.231833,-5.24674e-17,-0.14975,0.988724,-1.0384e-16,-0.988724,-0.14975,-4.7326e-17,-0.0657854,0.997834,-1.04398e-16,-0.997834,-0.0657854,0.351,-0.110402,0.944412,0.351,-0.10626,0.95357,0.351,-0.101361,0.962345,0.351,-0.0957977,0.970596,0.351,-0.089499,0.978428,0.350426,-0.110714,0.944911,0.35055,-0.106613,0.955243,0.350318,-0.100888,0.96347,0.35041,-0.0945048,0.971156,0.350198,-0.0880305,0.979021,
0.5,0,0.9,0.000796327,1,0,-1,0.000796327,0,0.75,-1,1,0,1,0.178068,-0.368675,-0.156424,0.128854,0.024896,-0.304122,0.123981,0.168764,-0.337374,-0.147596,0.187788,0.00342019,-0.333159,0.119437,0.156089,-0.315613,-0.133787,0.223797,-0.0220151,-0.342318,0.111785,0.141918,-0.305766,-0.115947,0.233764,-0.050824,-0.336906,0.103088,0.128747,-0.305582,-0.097644,0.222347,-0.0808096,-0.316609,0.0924891,0.489577,-0.537739,0.68639,-0.0183637,-0.793367,-0.60845,0.478849,-0.49408,0.725651,-0.0661681,-0.844543,-0.531367,0.452333,-0.439571,0.775985,-0.106906,-0.890539,-0.442145,0.421277,-0.371908,0.827159,-0.142309,-0.927852,-0.344703,0.383931,-0.288419,0.87715,-0.168401,-0.955894,-0.240602,-7.19753e-17,-0.468339,0.883549,-9.73996e-17,-0.883549,-0.468339,-6.73078e-17,-0.392113,0.919917,-9.96265e-17,-0.919917,-0.392113,-6.2469e-17,-0.31309,0.949723,-1.01452e-16,-0.949723,-0.31309,-5.74935e-17,-0.231833,0.972756,-1.02862e-16,-0.972756,-0.231833,-5.24674e-17,-0.14975,0.988724,-1.0384e-16,-0.988724,-0.14975,0.351,-0.113756,0.934938,0.351,-0.110402,0.944412,0.351,-0.10626,0.95357,0.351,-0.101361,0.962345,0.351,-0.0957977,0.970596,0.350565,-0.114019,0.934641,0.350426,-0.110714,0.944911,0.35055,-0.106613,0.955243,0.350318,-0.100888,0.96347,0.35041,-0.0945048,0.971156,
0.5,0,0.9,0.000796327,1,0,-1,0.000796327,0,0.75,-1,1,0,1,0.182594,-0.403192,-0.160284,0.0589912,0.0414087,-0.263301,0.127233,0.178068,-0.368675,-0.156424,0.128854,0.024896,-0.304122,0.123981,0.168764,-0.337374,-0.147596,0.187788,0.00342019,-0.333159,0.119437,0.156089,-0.315613,-0.133787,0.223797,-0.0220151,-0.342318,0.111785,0.141918,-0.305766,-0.115947,0.233764,-0.050824,-0.336906,0.103088,0.486085,-0.577406,0.655976,0.0247488,-0.741226,-0.670784,0.489577,-0.537739,0.68639,-0.0183637,-0.793367,-0.60845,0.478849,-0.49408,0.725651,-0.0661681,-0.844543,-0.531367,0.452333,-0.439571,0.775985,-0.106906,-0.890539,-0.442145,0.421277,-0.371908,0.827159,-0.142309,-0.927852,-0.344703,-7.64382e-17,-0.541224,0.840878,-9.47867e-17,-0.840878,-0.541224,-7.19753e-17,-0.468339,0.883549,-9.73996e-17,-0.883549,-0.468339,-6.73078e-17,-0.392113,0.919917,-9.96265e-17,-0.919917,-0.392113,-6.2469e-17,-0.31309,0.949723,-1.01452e-16,-0.949723,-0.31309,-5.74935e-17,-0.231833,0.972756,-1.02862e-16,-0.972756,-0.231833,0.351,-0.116298,0.925215,0.351,-0.113756,0.934938,0.351,-0.110402,0.944412,0.351,-0.10626,0.95357,0.351,-0.101361,0.962345,0.350565,-0.116367,0.924298,0.350565,-0.114019,0.934641,0.350426,-0.110714,0.944911,0.35055,-0.106613,0.955243,0.350318,-0.100888,0.96347,
0.5,0,0.9,0.000796327,1,0,-1,0.000796327,0,0.75,-1,1,0,1,0.18194,-0.433562,-0.160516,-0.00780549,0.0532826,-0.219043,0.133727,0.182594,-0.403192,-0.160284,0.0589912,0.0414087,-0.263301,0.127233,0.178068,-0.368675,-0.156424,0.128854,0.024896,-0.304122,0.123981,0.168764,-0.337374,-0.147596,0.187788,0.00342019,-0.333159,0.119437,0.156089,-0.315613,-0.133787,0.223797,-0.0220151,-0.342318,0.111785,0.470366,-0.622725,0.62526,0.0504845,-0.688385,-0.723573,0.486085,-0.577406,0.655976,0.0247488,-0.741226,-0.670784,0.489577,-0.537739,0.68639,-0.0183637,-0.793367,-0.60845,0.478849,-0.49408,0.725651,-0.0661681,-0.844543,-0.531367,0.452333,-0.439571,0.775985,-0.106906,-0.890539,-0.442145,-8.06242e-17,-0.609587,0.792719,-9.18379e-17,-0.792719,-0.609587,-7.64382e-17,-0.541224,0.840878,-9.47867e-17,-0.840878,-0.541224,-7.19753e-17,-0.468339,0.883549,-9.73996e-17,-0.883549,-0.468339,-6.73078e-17,-0.392113,0.919917,-9.96265e-17,-0.919917,-0.392113,-6.2469e-17,-0.31309,0.949723,-1.01452e-16,-0.949723,-0.31309,0.351,-0.117998,0.91541,0.351,-0.116298,0.925215,0.351,-0.113756,0.934938,0.351,-0.110402,0.944412,0.351,-0.10626,0.95357,0.350519,-0.118233,0.915117,0.350565,-0.116367,0.924298,0.350565,-0.114019,0.934641,0.350426,-0.110714,0.944911,0.35055,-0.106613,0.955243,
0.5,0,0.9,0.000796327,1,0,-1,0.000796327,0,0.75,-1,1,0,1,0.175101,-0.460571,-0.157415,-0.0769415,0.0645219,-0.17009,0.146487,0.18194,-0.433562,-0.160516,-0.00780549,0.0532826,-0.219043,0.133727,0.182594,-0.403192,-0.160284,0.0589912,0.0414087,-0.263301,0.127233,0.178068,-0.368675,-0.156424,0.128854,0.024896,-0.304122,0.123981,0.168764,-0.337374,-0.147596,0.187788,0.00342019,-0.333159,0.119437,0.445961,-0.681116,0.580673,0.0584437,-0.625216,-0.778248,0.470366,-0.622725,0.62526,0.0504845,-0.688385,-0.723573,0.486085,-0.577406,0.655976,0.0247488,-0.741226,-0.670784,0.489577,-0.537739,0.68639,-0.0183637,-0.793367,-0.60845,0.478849,-0.49408,0.725651,-0.0661681,-0.844543,-0.531367,-8.4587e-17,-0.674304,0.738454,-8.85151e-17,-0.738454,-0.674304,-8.06242e-17,-0.609587,0.792719,-9.18379e-17,-0.792719,-0.609587,-7.64382e-17,-0.541224,0.840878,-9.47867e-17,-0.840878,-0.541224,-7.19753e-17,-0.468339,0.883549,-9.73996e-17,-0.883549,-0.468339,-6.73078e-17,-0.392113,0.919917,-9.96265e-17,-0.919917,-0.392113,0.351,-0.118878,0.905398,0.351,-0.117998,0.91541,0.351,-0.116298,0.925215,0.351,-0.113756,0.934938,0.351,-0.110402,0.944412,0.350815,-0.118801,0.905134,0.350519,-0.118233,0.915117,0.350565,-0.116367,0.924298,0.350565,-0.114019,0.934641,0.350426,-0.110714,0.944911,
0.5,0,0.9,0.000796327,1,0,-1,0.000796327,0,0.75,-1,1,0,1,0.162462,-0.48314,-0.15137,-0.145228,0.0741621,-0.117788,0.164171,0.175101,-0.460571,-0.157415,-0.0769415,0.0645219,-0.17009,0.146487,0.18194,-0.433562,-0.160516,-0.00780549,0.0532826,-0.219043,0.133727,0.182594,-0.403192,-0.160284,0.0589912,0.0414087,-0.263301,0.127233,0.178068,-0.368675,-0.156424,0.128854,0.024896,-0.304122,0.123981,0.409106,-0.745542,0.5261,0.0524162,-0.556403,-0.829246,0.445961,-0.681116,0.580673,0.0584437,-0.625216,-0.778248,0.470366,-0.622725,0.62526,0.0504845,-0.688385,-0.723573,0.486085,-0.577406,0.655976,0.0247488,-0.741226,-0.670784,0.489577,-0.537739,0.68639,-0.0183637,-0.793367,-0.60845,8.82553e-17,-0.734211,0.678921,8.48697e-17,-0.678921,-0.734211,-8.4587e-17,-0.674304,0.738454,-8.85151e-17,-0.738454,-0.674304,-8.06242e-17,-0.609587,0.792719,-9.18379e-17,-0.792719,-0.609587,-7.64382e-17,-0.541224,0.840878,-9.47867e-17,-0.840878,-0.541224,-7.19753e-17,-0.468339,0.883549,-9.73996e-17,-0.883549,-0.468339,0.351,-0.118909,0.895348,0.351,-0.118878,0.905398,0.351,-0.117998,0.91541,0.351,-0.116298,0.925215,0.351,-0.113756,0.934938,0.351085,-0.119153,0.894904,0.350815,-0.118801,0.905134,0.350519,-0.118233,0.915117,0.350565,-0.116367,0.924298,0.350565,-0.114019,0.934641,
0.5,0,0.9,0.000796327,1,0,-1,0.000796327,0,0.75,-1,1,0,1,0.147058,-0.500834,-0.143095,-0.208003,0.0830618,-0.0675266,0.183627,0.162462,-0.48314,-0.15137,-0.145228,0.0741621,-0.117788,0.164171,0.175101,-0.460571,-0.157415,-0.0769415,0.0645219,-0.17009,0.146487,0.18194,-0.433562,-0.160516,-0.00780549,0.0532826,-0.219043,0.133727,0.182594,-0.403192,-0.160284,0.0589912,0.0414087,-0.263301,0.127233,0.367181,-0.804048,0.467618,0.042561,-0.487684,-0.871971,0.409106,-0.745542,0.5261,0.0524162,-0.556403,-0.829246,0.445961,-0.681116,0.580673,0.0584437,-0.625216,-0.778248,0.470366,-0.622725,0.62526,0.0504845,-0.688385,-0.723573,0.486085,-0.577406,0.655976,0.0247488,-0.741226,-0.670784,9.15714e-17,-0.788368,0.615205,8.09682e-17,-0.615205,-0.788368,8.82553e-17,-0.734211,0.678921,8.48697e-17,-0.678921,-0.734211,-8.4587e-17,-0.674304,0.738454,-8.85151e-17,-0.738454,-0.674304,-8.06242e-17,-0.609587,0.792719,-9.18379e-17,-0.792719,-0.609587,-7.64382e-17,-0.541224,0.840878,-9.47867e-17,-0.840878,-0.541224,0.351,-0.118105,0.885429,0.351,-0.118909,0.895348,0.351,-0.118878,0.905398,0.351,-0.117998,0.91541,0.351,-0.116298,0.925215,0.351108,-0.11785,0.884905,0.351085,-0.119153,0.894904,0.350815,-0.118801,0.905134,0.350519,-0.118233,0.915117,0.350565,-0.116367,0.924298,
0.5,0,0.9,0.000796327,1,0,-1,0.000796327,0,0.75,-1,1,0,1,0.131286,-0.515653,-0.133947,-0.266547,0.0921685,-0.0183891,0.203512,0.147058,-0.500834,-0.143095,-0.208003,0.0830618,-0.0675266,0.183627,0.162462,-0.48314,-0.15137,-0.145228,0.0741621,-0.117788,0.164171,0.175101,-0.460571,-0.157415,-0.0769415,0.0645219,-0.17009,0.146487,0.18194,-0.433562,-0.160516,-0.00780549,0.0532826,-0.219043,0.133727,0.322432,-0.855259,0.405649,0.0356399,-0.417264,-0.908076,0.367181,-0.804048,0.467618,0.042561,-0.487684,-0.871971,0.409106,-0.745542,0.5261,0.0524162,-0.556403,-0.829246,0.445961,-0.681116,0.580673,0.0584437,-0.625216,-0.778248,0.470366,-0.622725,0.62526,0.0504845,-0.688385,-0.723573,9.45779e-17,-0.837468,0.546486,7.67604e-17,-0.546486,-0.837468,9.15714e-17,-0.788368,0.615205,8.09682e-17,-0.615205,-0.788368,8.82553e-17,-0.734211,0.678921,8.48697e-17,-0.678921,-0.734211,-8.4587e-17,-0.674304,0.738454,-8.85151e-17,-0.738454,-0.674304,-8.06242e-17,-0.609587,0.792719,-9.18379e-17,-0.792719,-0.609587,0.351,-0.116454,0.875515,0.351,-0.118105,0.885429,0.351,-0.118909,0.895348,0.351,-0.118878,0.905398,0.351,-0.117998,0.91541,0.350974,-0.115864,0.874921,0.351108,-0.11785,0.884905,0.351085,-0.119153,0.894904,0.350815,-0.118801,0.905134,0.350519,-0.118233,0.915117,
0.5,0,0.9,0.000796327,1,0,-1,0.000796327,0,0.75,-1,1,0,1,0.116618,-0.527733,-0.124716,-0.319289,0.102071,0.027709,0.223461,0.131286,-0.515653,-0.133947,-0.266547,0.0921685,-0.0183891,0.203512,0.147058,-0.500834,-0.143095,-0.208003,0.0830618,-0.0675266,0.183627,0.162462,-0.48314,-0.15137,-0.145228,0.0741621,-0.117788,0.164171,0.175101,-0.460571,-0.157415,-0.0769415,0.0645219,-0.17009,0.146487,0.279589,-0.898181,0.339235,0.0327584,-0.344196,-0.938316,0.322432,-0.855259,0.405649,0.0356399,-0.417264,-0.908076,0.367181,-0.804048,0.467618,0.042561,-0.487684,-0.871971,0.409106,-0.745542,0.5261,0.0524162,-0.556403,-0.829246,0.445961,-0.681116,0.580673,0.0584437,-0.625216,-0.778248,9.72187e-17,-0.880595,0.47387,7.2314e-17,-0.47387,-0.880595,9.45779e-17,-0.837468,0.546486,7.67604e-17,-0.546486,-0.837468,9.15714e-17,-0.788368,0.615205,8.09682e-17,-0.615205,-0.788368,8.82553e-17,-0.734211,0.678921,8.48697e-17,-0.678921,-0.734211,-8.4587e-17,-0.674304,0.738454,-8.85151e-17,-0.738454,-0.674304,0.351,-0.113972,0.865776,0.351,-0.116454,0.875515,0.351,-0.118105,0.885429,0.351,-0.118909,0.895348,0.351,-0.118878,0.905398,0.350882,-0.113453,0.865104,0.350974,-0.115864,0.874921,0.351108,-0.11785,0.884905,0.351085,-0.119153,0.894904,0.350815,-0.118801,0.905134,
0.5,0,0.9,0.000796327,1,0,-1,0.000796327,0,0.75,-1,1,0,1,0.10312,-0.537096,-0.1153,-0.365481,0.113103,0.0690951,0.24397,0.116618,-0.527733,-0.124716,-0.319289,0.102071,0.027709,0.223461,0.131286,-0.515653,-0.133947,-0.266547,0.0921685,-0.0183891,0.203512,0.147058,-0.500834,-0.143095,-0.208003,0.0830618,-0.0675266,0.183627,0.162462,-0.48314,-0.15137,-0.145228,0.0741621,-0.117788,0.164171,0.241686,-0.932879,0.267029,0.0320897,-0.267353,-0.963054,0.279589,-0.898181,0.339235,0.0327584,-0.344196,-0.938316,0.322432,-0.855259,0.405649,0.0356399,-0.417264,-0.908076,0.367181,-0.804048,0.467618,0.042561,-0.487684,-0.871971,0.409106,-0.745542,0.5261,0.0524162,-0.556403,-0.829246,9.94748e-17,-0.91744,0.397873,6.76605e-17,-0.397873,-0.91744,9.72187e-17,-0.880595,0.47387,7.2314e-17,-0.47387,-0.880595,9.45779e-17,-0.837468,0.546486,7.67604e-17,-0.546486,-0.837468,9.15714e-17,-0.788368,0.615205,8.09682e-17,-0.615205,-0.788368,8.82553e-17,-0.734211,0.678921,8.48697e-17,-0.678921,-0.734211,0.351,-0.110678,0.856281,0.351,-0.113972,0.865776,0.351,-0.116454,0.875515,0.351,-0.118105,0.885429,0.351,-0.118909,0.895348,0.350876,-0.110352,0.855626,0.350882,-0.113453,0.865104,0.350974,-0.115864,0.874921,0.351108,-0.11785,0.884905,0.351085,-0.119153,0.894904,
0.5,0,0.9,0.000796327,1,0,-1,0.000796327,0,0.75,-1,1,0,1,0.0897918,-0.543401,-0.105374,-0.404283,0.124225,0.102731,0.265187,0.10312,-0.537096,-0.1153,-0.365481,0.113103,0.0690951,0.24397,0.116618,-0.527733,-0.124716,-0.319289,0.102071,0.027709,0.223461,0.131286,-0.515653,-0.133947,-0.266547,0.0921685,-0.0183891,0.203512,0.147058,-0.500834,-0.143095,-0.208003,0.0830618,-0.0675266,0.183627,0.2098,-0.958558,0.192697,0.0285036,-0.191003,-0.981166,0.241686,-0.932879,0.267029,0.0320897,-0.267353,-0.963054,0.279589,-0.898181,0.339235,0.0327584,-0.344196,-0.938316,0.322432,-0.855259,0.405649,0.0356399,-0.417264,-0.908076,0.367181,-0.804048,0.467618,0.042561,-0.487684,-0.871971,1.01314e-16,-0.947475,0.319831,6.28818e-17,-0.319831,-0.947475,9.94748e-17,-0.91744,0.397873,6.76605e-17,-0.397873,-0.91744,9.72187e-17,-0.880595,0.47387,7.2314e-17,-0.47387,-0.880595,9.45779e-17,-0.837468,0.546486,7.67604e-17,-0.546486,-0.837468,9.15714e-17,-0.788368,0.615205,8.09682e-17,-0.615205,-0.788368,0.351,-0.106638,0.847186,0.351,-0.110678,0.856281,0.351,-0.113972,0.865776,0.351,-0.116454,0.875515,0.351,-0.118105,0.885429,0.351231,-0.106387,0.846207,0.350876,-0.110352,0.855626,0.350882,-0.113453,0.865104,0.350974,-0.115864,0.874921,0.351108,-0.11785,0.884905,
0.5,0,0.9,0.000796327,1,0,-1,0.000796327,0,0.75,-1,1,0,1,0.077069,-0.548475,-0.0951383,-0.436972,0.135081,0.129384,0.286151,0.0897918,-0.543401,-0.105374,-0.404283,0.124225,0.102731,0.265187,0.10312,-0.537096,-0.1153,-0.365481,0.113103,0.0690951,0.24397,0.116618,-0.527733,-0.124716,-0.319289,0.102071,0.027709,0.223461,0.131286,-0.515653,-0.133947,-0.266547,0.0921685,-0.0183891,0.203512,0.183547,-0.975624,0.120205,0.0241924,-0.117762,-0.992737,0.2098,-0.958558,0.192697,0.0285036,-0.191003,-0.981166,0.241686,-0.932879,0.267029,0.0320897,-0.267353,-0.963054,0.279589,-0.898181,0.339235,0.0327584,-0.344196,-0.938316,0.322432,-0.855259,0.405649,0.0356399,-0.417264,-0.908076,1.0276e-16,-0.971083,0.23874,5.79164e-17,-0.23874,-0.971083,1.01314e-16,-0.947475,0.319831,6.28818e-17,-0.319831,-0.947475,9.94748e-17,-0.91744,0.397873,6.76605e-17,-0.397873,-0.91744,9.72187e-17,-0.880595,0.47387,7.2314e-17,-0.47387,-0.880595,9.45779e-17,-0.837468,0.546486,7.67604e-17,-0.546486,-0.837468,0.351,-0.101801,0.838376,0.351,-0.106638,0.847186,0.351,-0.110678,0.856281,0.351,-0.113972,0.865776,0.351,-0.116454,0.875515,0.351258,-0.10167,0.837363,0.351231,-0.106387,0.846207,0.350876,-0.110352,0.855626,0.350882,-0.113453,0.865104,0.350974,-0.115864,0.874921,
0.5,0,0.9,0.000796327,1,0,-1,0.000796327,0,0.75,-1,1,0,1,0.0646271,-0.552445,-0.0843823,-0.464813,0.145541,0.150243,0.306823,0.077069,-0.548475,-0.0951383,-0.436972,0.135081,0.129384,0.286151,0.0897918,-0.543401,-0.105374,-0.404283,0.124225,0.102731,0.265187,0.10312,-0.537096,-0.1153,-0.365481,0.113103,0.0690951,0.24397,0.116618,-0.527733,-0.124716,-0.319289,0.102071,0.027709,0.223461,0.161575,-0.985526,0.0511045,0.0184903,-0.0487526,-0.99863,0.183547,-0.975624,0.120205,0.0241924,-0.117762,-0.992737,0.2098,-0.958558,0.192697,0.0285036,-0.191003,-0.981166,0.241686,-0.932879,0.267029,0.0320897,-0.267353,-0.963054,0.279589,-0.898181,0.339235,0.0327584,-0.344196,-0.938316,1.03781e-16,-0.987765,0.155947,5.28468e-17,-0.155947,-0.987765,1.0276e-16,-0.971083,0.23874,5.79164e-17,-0.23874,-0.971083,1.01314e-16,-0.947475,0.319831,6.28818e-17,-0.319831,-0.947475,9.94748e-17,-0.91744,0.397873,6.76605e-17,-0.397873,-0.91744,9.72187e-17,-0.880595,0.47387,7.2314e-17,-0.47387,-0.880595,0.351,-0.0962385,0.830006,0.351,-0.101801,0.838376,0.351,-0.106638,0.847186,0.351,-0.110678,0.856281,0.351,-0.113972,0.865776,0.351335,-0.0959735,0.82894,0.351258,-0.10167,0.837363,0.351231,-0.106387,0.846207,0.350876,-0.110352,0.855626,0.350882,-0.113453,0.865104,
0.5,0,0.9,0.000796327,1,0,-1,0.000796327,0,0.75,-1,1,0,1,0.0526393,-0.555844,-0.0733084,-0.489253,0.156006,0.168446,0.327433,0.0646271,-0.552445,-0.0843823,-0.464813,0.145541,0.150243,0.306823,0.077069,-0.548475,-0.0951383,-0.436972,0.135081,0.129384,0.286151,0.0897918,-0.543401,-0.105374,-0.404283,0.124225,0.102731,0.265187,0.10312,-0.537096,-0.1153,-0.365481,0.113103,0.0690951,0.24397,0.141309,-0.989816,-0.0166509,0.0143679,0.0188685,-0.999709,0.161575,-0.985526,0.0511045,0.0184903,-0.0487526,-0.99863,0.183547,-0.975624,0.120205,0.0241924,-0.117762,-0.992737,0.2098,-0.958558,0.192697,0.0285036,-0.191003,-0.981166,0.241686,-0.932879,0.267029,0.0320897,-0.267353,-0.963054,1.04367e-16,-0.997341,0.0728746,4.77601e-17,-0.0728746,-0.997341,1.03781e-16,-0.987765,0.155947,5.28468e-17,-0.155947,-0.987765,1.0276e-16,-0.971083,0.23874,5.79164e-17,-0.23874,-0.971083,1.01314e-16,-0.947475,0.319831,6.28818e-17,-0.319831,-0.947475,9.94748e-17,-0.91744,0.397873,6.76605e-17,-0.397873,-0.91744,0.351,-0.0900541,0.82221,0.351,-0.0962385,0.830006,0.351,-0.101801,0.838376,0.351,-0.106638,0.847186,0.351,-0.110678,0.856281,0.351337,-0.0899746,0.821235,0.351335,-0.0959735,0.82894,0.351258,-0.10167,0.837363,0.351231,-0.106387,0.846207,0.350876,-0.110352,0.855626,
0.5,0,0.9,0.000796327,1,0,-1,0.000796327,0,0.75,-1,1,0,1,0.0404977,-0.55904,-0.061723,-0.51019,0.166594,0.181716,0.348823,0.0526393,-0.555844,-0.0733084,-0.489253,0.156006,0.168446,0.327433,0.0646271,-0.552445,-0.0843823,-0.464813,0.145541,0.150243,0.306823,0.077069,-0.548475,-0.0951383,-0.436972,0.135081,0.129384,0.286151,0.0897918,-0.543401,-0.105374,-0.404283,0.124225,0.102731,0.265187,0.124191,-0.988598,-0.0850405,0.00821644,0.0867257,-0.996189,0.141309,-0.989816,-0.0166509,0.0143679,0.0188685,-0.999709,0.161575,-0.985526,0.0511045,0.0184903,-0.0487526,-0.99863,0.183547,-0.975624,0.120205,0.0241924,-0.117762,-0.992737,0.2098,-0.958558,0.192697,0.0285036,-0.191003,-0.981166,1.04526e-16,-0.999933,-0.011543,4.2591e-17,0.011543,-0.999933,1.04367e-16,-0.997341,0.0728746,4.77601e-17,-0.0728746,-0.997341,1.03781e-16,-0.987765,0.155947,5.28468e-17,-0.155947,-0.987765,1.0276e-16,-0.971083,0.23874,5.79164e-17,-0.23874,-0.971083,1.01314e-16,-0.947475,0.319831,6.28818e-17,-0.319831,-0.947475,0.351,-0.0831688,0.814889,0.351,-0.0900541,0.82221,0.351,-0.0962385,0.830006,0.351,-0.101801,0.838376,0.351,-0.106638,0.847186,0.351205,-0.0832627,0.81392,0.351337,-0.0899746,0.821235,0.351335,-0.0959735,0.82894,0.351258,-0.10167,0.837363,0.351231,-0.106387,0.846207,
0.5,0,0.9,0.000796327,1,0,-1,0.000796327,0,0.75,-1,1,0,1,0.0299314,-0.562062,-0.0506806,-0.52674,0.176694,0.189028,0.369076,0.0404977,-0.55904,-0.061723,-0.51019,0.166594,0.181716,0.348823,0.0526393,-0.555844,-0.0733084,-0.489253,0.156006,0.168446,0.327433,0.0646271,-0.552445,-0.0843823,-0.464813,0.145541,0.150243,0.306823,0.077069,-0.548475,-0.0951383,-0.436972,0.135081,0.129384,0.286151,0.113574,-0.982319,-0.148768,-0.00104047,0.149619,-0.988733,0.124191,-0.988598,-0.0850405,0.00821644,0.0867257,-0.996189,0.141309,-0.989816,-0.0166509,0.0143679,0.0188685,-0.999709,0.161575,-0.985526,0.0511045,0.0184903,-0.0487526,-0.99863,0.183547,-0.975624,0.120205,0.0241924,-0.117762,-0.992737,1.04248e-16,-0.995393,-0.0958784,3.74269e-17,0.0958784,-0.995393,1.04526e-16,-0.999933,-0.011543,4.2591e-17,0.011543,-0.999933,1.04367e-16,-0.997341,0.0728746,4.77601e-17,-0.0728746,-0.997341,1.03781e-16,-0.987765,0.155947,5.28468e-17,-0.155947,-0.987765,1.0276e-16,-0.971083,0.23874,5.79164e-17,-0.23874,-0.971083,0.351,-0.0756903,0.808174,0.351,-0.0831688,0.814889,0.351,-0.0900541,0.82221,0.351,-0.0962385,0.830006,0.351,-0.101801,0.838376,0.351262,-0.0755809,0.807214,0.351205,-0.0832627,0.81392,0.351337,-0.0899746,0.821235,0.351335,-0.0959735,0.82894,0.351258,-0.10167,0.837363,
0.5,0,0.9,0.000796327,1,0,-1,0.000796327,0,0.75,-1,1,0,1,0.0210394,-0.565211,-0.0404233,-0.540409,0.187049,0.194016,0.389067,0.0299314,-0.562062,-0.0506806,-0.52674,0.176694,0.189028,0.369076,0.0404977,-0.55904,-0.061723,-0.51019,0.166594,0.181716,0.348823,0.0526393,-0.555844,-0.0733084,-0.489253,0.156006,0.168446,0.327433,0.0646271,-0.552445,-0.0843823,-0.464813,0.145541,0.150243,0.306823,0.106662,-0.97118,-0.213104,-0.0100383,0.213264,-0.976933,0.113574,-0.982319,-0.148768,-0.00104047,0.149619,-0.988733,0.124191,-0.988598,-0.0850405,0.00821644,0.0867257,-0.996189,0.141309,-0.989816,-0.0166509,0.0143679,0.0188685,-0.999709,0.161575,-0.985526,0.0511045,0.0184903,-0.0487526,-0.99863,1.03544e-16,-0.983902,-0.178707,3.23551e-17,0.178707,-0.983902,1.04248e-16,-0.995393,-0.0958784,3.74269e-17,0.0958784,-0.995393,1.04526e-16,-0.999933,-0.011543,4.2591e-17,0.011543,-0.999933,1.04367e-16,-0.997341,0.0728746,4.77601e-17,-0.0728746,-0.997341,1.03781e-16,-0.987765,0.155947,5.28468e-17,-0.155947,-0.987765,0.351,-0.0677537,0.802171,0.351,-0.0756903,0.808174,0.351,-0.0831688,0.814889,0.351,-0.0900541,0.82221,0.351,-0.0962385,0.830006,0.351205,-0.067844,0.801386,0.351262,-0.0755809,0.807214,0.351205,-0.0832627,0.81392,0.351337,-0.0899746,0.821235,0.351335,-0.0959735,0.82894,
0.5,0,0.9,0.000796327,1,0,-1,0.000796327,0,0.75,-1,1,0,1,0.0139217,-0.56857,-0.0304311,-0.552873,0.198321,0.198416,0.409268,0.0210394,-0.565211,-0.0404233,-0.540409,0.187049,0.194016,0.389067,0.0299314,-0.562062,-0.0506806,-0.52674,0.176694,0.189028,0.369076,0.0404977,-0.55904,-0.061723,-0.51019,0.166594,0.181716,0.348823,0.0526393,-0.555844,-0.0733084,-0.489253,0.156006,0.168446,0.327433,0.103513,-0.954426,-0.279888,-0.0189165,0.27946,-0.959961,0.106662,-0.97118,-0.213104,-0.0100383,0.213264,-0.976933,0.113574,-0.982319,-0.148768,-0.00104047,0.149619,-0.988733,0.124191,-0.988598,-0.0850405,0.00821644,0.0867257,-0.996189,0.141309,-0.989816,-0.0166509,0.0143679,0.0188685,-0.999709,1.02406e-16,-0.965313,-0.261094,2.73104e-17,0.261094,-0.965313,1.03544e-16,-0.983902,-0.178707,3.23551e-17,0.178707,-0.983902,1.04248e-16,-0.995393,-0.0958784,3.74269e-17,0.0958784,-0.995393,1.04526e-16,-0.999933,-0.011543,4.2591e-17,0.011543,-0.999933,1.04367e-16,-0.997341,0.0728746,4.77601e-17,-0.0728746,-0.997341,0.351,-0.0592571,0.796803,0.351,-0.0677537,0.802171,0.351,-0.0756903,0.808174,0.351,-0.0831688,0.814889,0.351,-0.0900541,0.82221,0.351218,-0.0592932,0.795886,0.351205,-0.067844,0.801386,0.351262,-0.0755809,0.807214,0.351205,-0.0832627,0.81392,0.351337,-0.0899746,0.821235,
0.5,0,0.9,0.000796327,1,0,-1,0.000796327,0,0.75,-1,1,0,1,0.0085078,-0.571762,-0.020948,-0.563246,0.210501,0.202561,0.429637,0.0139217,-0.56857,-0.0304311,-0.552873,0.198321,0.198416,0.409268,0.0210394,-0.565211,-0.0404233,-0.540409,0.187049,0.194016,0.389067,0.0299314,-0.562062,-0.0506806,-0.52674,0.176694,0.189028,0.369076,0.0404977,-0.55904,-0.061723,-0.51019,0.166594,0.181716,0.348823,0.103552,-0.93139,-0.348956,-0.0270678,0.348073,-0.937066,0.103513,-0.954426,-0.279888,-0.0189165,0.27946,-0.959961,0.106662,-0.97118,-0.213104,-0.0100383,0.213264,-0.976933,0.113574,-0.982319,-0.148768,-0.00104047,0.149619,-0.988733,0.124191,-0.988598,-0.0850405,0.00821644,0.0867257,-0.996189,1.00846e-16,-0.939839,-0.341618,2.23797e-17,0.341618,-0.939839,1.02406e-16,-0.965313,-0.261094,2.73104e-17,0.261094,-0.965313,1.03544e-16,-0.983902,-0.178707,3.23551e-17,0.178707,-0.983902,1.04248e-16,-0.995393,-0.0958784,3.74269e-17,0.0958784,-0.995393,1.04526e-16,-0.999933,-0.011543,4.2591e-17,0.011543,-0.999933,0.351,-0.0503377,0.792171,0.351,-0.0592571,0.796803,0.351,-0.0677537,0.802171,0.351,-0.0756903,0.808174,0.351,-0.0831688,0.814889,0.351142,-0.0504516,0.791343,0.351218,-0.0592932,0.795886,0.351205,-0.067844,0.801386,0.351262,-0.0755809,0.807214,0.351205,-0.0832627,0.81392,
0.5,0,0.9,0.000796327,1,0,-1,0.000796327,0,0.75,-1,1,0,1,0.00404651,-0.574543,-0.0113442,-0.572509,0.22342,0.208114,0.45013,0.0085078,-0.571762,-0.020948,-0.563246,0.210501,0.202561,0.429637,0.0139217,-0.56857,-0.0304311,-0.552873,0.198321,0.198416,0.409268,0.0210394,-0.565211,-0.0404233,-0.540409,0.187049,0.194016,0.389067,0.0299314,-0.562062,-0.0506806,-0.52674,0.176694,0.189028,0.369076,0.104534,-0.902431,-0.417936,-0.0332754,0.41683,-0.908365,0.103552,-0.93139,-0.348956,-0.0270678,0.348073,-0.937066,0.103513,-0.954426,-0.279888,-0.0189165,0.27946,-0.959961,0.106662,-0.97118,-0.213104,-0.0100383,0.213264,-0.976933,0.113574,-0.982319,-0.148768,-0.00104047,0.149619,-0.988733,9.88974e-17,-0.908011,-0.418946,1.76448e-17,0.418946,-0.908011,1.00846e-16,-0.939839,-0.341618,2.23797e-17,0.341618,-0.939839,1.02406e-16,-0.965313,-0.261094,2.73104e-17,0.261094,-0.965313,1.03544e-16,-0.983902,-0.178707,3.23551e-17,0.178707,-0.983902,1.04248e-16,-0.995393,-0.0958784,3.74269e-17,0.0958784,-0.995393,0.351,-0.0411527,0.788342,0.351,-0.0503377,0.792171,0.351,-0.0592571,0.796803,0.351,-0.0677537,0.802171,0.351,-0.0756903,0.808174,0.351087,-0.0412993,0.787487,0.351142,-0.0504516,0.791343,0.351218,-0.0592932,0.795886,0.351205,-0.067844,0.801386,0.351262,-0.0755809,0.807214,
0.5,0,0.9,0.000796327,1,0,-1,0.000796327,0,0.75,-1,1,0,1,0.00120656,-0.576628,-0.00160623,-0.580849,0.237397,0.216934,0.470718,0.00404651,-0.574543,-0.0113442,-0.572509,0.22342,0.208114,0.45013,0.0085078,-0.571762,-0.020948,-0.563246,0.210501,0.202561,0.429637,0.0139217,-0.56857,-0.0304311,-0.552873,0.198321,0.198416,0.409268,0.0210394,-0.565211,-0.0404233,-0.540409,0.187049,0.194016,0.389067,0.10762,-0.866698,-0.487066,-0.0359528,0.486198,-0.873098,0.104534,-0.902431,-0.417936,-0.0332754,0.41683,-0.908365,0.103552,-0.93139,-0.348956,-0.0270678,0.348073,-0.937066,0.103513,-0.954426,-0.279888,-0.0189165,0.27946,-0.959961,0.106662,-0.97118,-0.213104,-0.0100383,0.213264,-0.976933,9.65345e-17,-0.869421,-0.494072,1.30446e-17,0.494072,-0.869421,9.88974e-17,-0.908011,-0.418946,1.76448e-17,0.418946,-0.908011,1.00846e-16,-0.939839,-0.341618,2.23797e-17,0.341618,-0.939839,1.02406e-16,-0.965313,-0.261094,2.73104e-17,0.261094,-0.965313,1.03544e-16,-0.983902,-0.178707,3.23551e-17,0.178707,-0.983902,0.351,-0.031584,0.785268,0.351,-0.0411527,0.788342,0.351,-0.0503377,0.792171,0.351,-0.0592571,0.796803,0.351,-0.0677537,0.802171,0.351061,-0.0317105,0.784542,0.351087,-0.0412993,0.787487,0.351142,-0.0504516,0.791343,0.351218,-0.0592932,0.795886,0.351205,-0.067844,0.801386,
0.5,0,0.9,0.000796327,1,0,-1,0.000796327,0,0.75,-1,1,0,1,0.000410035,-0.577791,0.0075201,-0.587519,0.252283,0.226956,0.490481,0.00120656,-0.576628,-0.00160623,-0.580849,0.237397,0.216934,0.470718,0.00404651,-0.574543,-0.0113442,-0.572509,0.22342,0.208114,0.45013,0.0085078,-0.571762,-0.020948,-0.563246,0.210501,0.202561,0.429637,0.0139217,-0.56857,-0.0304311,-0.552873,0.198321,0.198416,0.409268,0.114147,-0.824321,-0.554478,-0.0389904,0.553979,-0.831606,0.10762,-0.866698,-0.487066,-0.0359528,0.486198,-0.873098,0.104534,-0.902431,-0.417936,-0.0332754,0.41683,-0.908365,0.103552,-0.93139,-0.348956,-0.0270678,0.348073,-0.937066,0.103513,-0.954426,-0.279888,-0.0189165,0.27946,-0.959961,9.37918e-17,-0.824629,-0.565673,8.66031e-18,0.565673,-0.824629,9.65345e-17,-0.869421,-0.494072,1.30446e-17,0.494072,-0.869421,9.88974e-17,-0.908011,-0.418946,1.76448e-17,0.418946,-0.908011,1.00846e-16,-0.939839,-0.341618,2.23797e-17,0.341618,-0.939839,1.02406e-16,-0.965313,-0.261094,2.73104e-17,0.261094,-0.965313,0.351,-0.0217901,0.783012,0.351,-0.031584,0.785268,0.351,-0.0411527,0.788342,0.351,-0.0503377,0.792171,0.351,-0.0592571,0.796803,0.351196,-0.0219507,0.782221,0.351061,-0.0317105,0.784542,0.351087,-0.0412993,0.787487,0.351142,-0.0504516,0.791343,0.351218,-0.0592932,0.795886,
0.5,0,0.9,0.000796327,1,0,-1,0.000796327,0,0.75,-1,1,0,1,0.000963972,-0.578263,0.0174633,-0.593125,0.268323,0.239857,0.510434,0.000410035,-0.577791,0.0075201,-0.587519,0.252283,0.226956,0.490481,0.00120656,-0.576628,-0.00160623,-0.580849,0.237397,0.216934,0.470718,0.00404651,-0.574543,-0.0113442,-0.572509,0.22342,0.208114,0.45013,0.0085078,-0.571762,-0.020948,-0.563246,0.210501,0.202561,0.429637,0.123601,-0.77494,-0.619816,-0.0409434,0.620091,-0.783448,0.114147,-0.824321,-0.554478,-0.0389904,0.553979,-0.831606,0.10762,-0.866698,-0.487066,-0.0359528,0.486198,-0.873098,0.104534,-0.902431,-0.417936,-0.0332754,0.41683,-0.908365,0.103552,-0.93139,-0.348956,-0.0270678,0.348073,-0.937066,8.98419e-17,-0.760122,-0.64978,3.51026e-18,0.64978,-0.760122,9.37918e-17,-0.824629,-0.565673,8.66031e-18,0.565673,-0.824629,9.65345e-17,-0.869421,-0.494072,1.30446e-17,0.494072,-0.869421,9.88974e-17,-0.908011,-0.418946,1.76448e-17,0.418946,-0.908011,1.00846e-16,-0.939839,-0.341618,2.23797e-17,0.341618,-0.939839,0.351,-0.00928485,0.781363,0.351,-0.0217901,0.783012,0.351,-0.031584,0.785268,0.351,-0.0411527,0.788342,0.351,-0.0503377,0.792171,0.351114,-0.0108498,0.780705,0.351196,-0.0219507,0.782221,0.351061,-0.0317105,0.784542,0.351087,-0.0412993,0.787487,0.351142,-0.0504516,0.791343,
0.5,0,0.9,0.000796327,1,0,-1,0.000796327,0,0.75,-1,1,0,1,0.00173863,-0.578151,0.0266165,-0.595979,0.280204,0.248852,0.524981,0.000963972,-0.578263,0.0174633,-0.593125,0.268323,0.239857,0.510434,0.000410035,-0.577791,0.0075201,-0.587519,0.252283,0.226956,0.490481,0.00120656,-0.576628,-0.00160623,-0.580849,0.237397,0.216934,0.470718,0.00404651,-0.574543,-0.0113442,-0.572509,0.22342,0.208114,0.45013,0.133265,-0.737779,-0.661743,-0.0462993,0.662335,-0.747763,0.123601,-0.77494,-0.619816,-0.0409434,0.620091,-0.783448,0.114147,-0.824321,-0.554478,-0.0389904,0.553979,-0.831606,0.10762,-0.866698,-0.487066,-0.0359528,0.486198,-0.873098,0.104534,-0.902431,-0.417936,-0.0332754,0.41683,-0.908365,8.66369e-17,-0.707782,-0.706431,4.1368e-20,0.706431,-0.707782,8.98419e-17,-0.760122,-0.64978,3.51026e-18,0.64978,-0.760122,9.37918e-17,-0.824629,-0.565673,8.66031e-18,0.565673,-0.824629,9.65345e-17,-0.869421,-0.494072,1.30446e-17,0.494072,-0.869421,9.88974e-17,-0.908011,-0.418946,1.76448e-17,0.418946,-0.908011,0.351,-0.000113642,0.781,0.351,-0.00928485,0.781363,0.351,-0.0217901,0.783012,0.351,-0.031584,0.785268,0.351,-0.0411527,0.788342,0.350996,0.000613441,0.779855,0.351114,-0.0108498,0.780705,0.351196,-0.0219507,0.782221,0.351061,-0.0317105,0.784542,0.351087,-0.0412993,0.787487,
