0,0,0,
0,0,0,
0,0,0,
0,0,0,
0,0,0,
0,0,0,
0,0,0,
0,0,0,
0,0,0,
0,0,0,
0,0,0,
0,0,0,
0,0,0,
0,0,0,
0,0,0,
0,0,0,
0,0,0,
0,0,0,
0,0,0,
0,0,0,
0,0,0,
0,0,0,
0,0,0,
0,0,0,
0,0,0,
0,0,0,
0,0,0,
0,0,0,
0,0,0,
0,0,0,
0,0,0,
0,0,0,
0,0,0,
0,0,0,
0,0,0,
0,0,0,
0,0,0,
0,0,0,
0,0,0,
0,0,0,
0,0,0,
0,0,0,
0,0,0,
0,0,0,
0,0,0,
0,0,0,
0,0,0,
0,0,0,
0,0,0,
-0.00761609,-0.00454731,-0.00572066,
-0.0152322,-0.00909463,-0.0114413,
-0.0228483,-0.0136419,-0.017162,
-0.0304644,-0.0181893,-0.0228827,
-0.0380804,-0.0227366,-0.0286033,
-0.0456965,-0.0272839,-0.034324,
-0.0533126,-0.0318312,-0.0400446,
-0.0609287,-0.0363785,-0.0457653,
-0.0685448,-0.0409258,-0.051486,
-0.0761609,-0.0454731,-0.0572066,
-0.083777,-0.0500205,-0.0629273,
-0.0913931,-0.0545678,-0.068648,
-0.0990091,-0.0591151,-0.0743686,
-0.106625,-0.0636624,-0.0800893,
-0.114241,-0.0682097,-0.08581,
-0.121857,-0.072757,-0.0915306,
-0.129474,-0.0773043,-0.0972513,
-0.13709,-0.0818517,-0.102972,
-0.144706,-0.086399,-0.108693,
-0.152322,-0.0909463,-0.114413,
-0.159938,-0.0954936,-0.120134,
-0.167554,-0.100041,-0.125855,
-0.17517,-0.104588,-0.131575,
-0.182786,-0.109136,-0.137296,
-0.190402,-0.113683,-0.143017,
-0.198018,-0.11823,-0.148737,
-0.205634,-0.122777,-0.154458,
-0.21325,-0.127325,-0.160179,
-0.220867,-0.131872,-0.165899,
-0.228483,-0.136419,-0.17162,
-0.236099,-0.140967,-0.177341,
-0.243715,-0.145514,-0.183061,
-0.251331,-0.150061,-0.188782,
-0.258947,-0.154609,-0.194503,
-0.266563,-0.159156,-0.200223,
-0.274179,-0.163703,-0.205944,
-0.281795,-0.168251,-0.211665,
-0.289411,-0.172798,-0.217385,
-0.297027,-0.177345,-0.223106,
-0.304644,-0.181893,-0.228827,
-0.31226,-0.18644,-0.234547,
-0.319876,-0.190987,-0.240268,
-0.327492,-0.195535,-0.245989,
-0.335108,-0.200082,-0.251709,
-0.342724,-0.204629,-0.25743,
-0.35034,-0.209176,-0.263151,
-0.357956,-0.213724,-0.268871,
-0.365572,-0.218271,-0.274592,
-0.373188,-0.222818,-0.280313,
-0.380804,-0.227366,-0.286033,
-0.388421,-0.231913,-0.291754,
-0.396037,-0.23646,-0.297475,
-0.403653,-0.241008,-0.303195,
-0.411269,-0.245555,-0.308916,
-0.418885,-0.250102,-0.314637,
-0.426501,-0.25465,-0.320357,
-0.434117,-0.259197,-0.326078,
-0.441733,-0.263744,-0.331798,
-0.449349,-0.268292,-0.337519,
-0.456965,-0.272839,-0.34324,
-0.464581,-0.277386,-0.34896,
-0.472197,-0.281933,-0.354681,
-0.479814,-0.286481,-0.360402,
-0.48743,-0.291028,-0.366122,
-0.495046,-0.295575,-0.371843,
-0.502662,-0.300123,-0.377564,
-0.510278,-0.30467,-0.383284,
-0.517894,-0.309217,-0.389005,
-0.52551,-0.313765,-0.394726,
-0.533126,-0.318312,-0.400446,
-0.540742,-0.322859,-0.406167,
-0.548358,-0.327407,-0.411888,
-0.555974,-0.331954,-0.417608,
-0.563591,-0.336501,-0.423329,
-0.571207,-0.341049,-0.42905,
-0.578823,-0.345596,-0.43477,
-0.586439,-0.350143,-0.440491,
-0.594055,-0.354691,-0.446212,
-0.601671,-0.359238,-0.451932,
-0.609287,-0.363785,-0.457653,
-0.616903,-0.368332,-0.463374,
-0.624519,-0.37288,-0.469094,
-0.632135,-0.377427,-0.474815,
-0.639751,-0.381974,-0.480536,
-0.647368,-0.386522,-0.486256,
-0.654984,-0.391069,-0.491977,
-0.6626,-0.395616,-0.497698,
-0.670216,-0.400164,-0.503418,
-0.677832,-0.404711,-0.509139,
-0.685448,-0.409258,-0.51486,
-0.693064,-0.413806,-0.52058,
-0.70068,-0.418353,-0.526301,
-0.708296,-0.4229,-0.532022,
-0.715912,-0.427448,-0.537742,
-0.723528,-0.431995,-0.543463,
-0.731144,-0.436542,-0.549184,
-0.738761,-0.441089,-0.554904,
-0.746377,-0.445637,-0.560625,
-0.753993,-0.450184,-0.566346,
-0.761609,-0.454731,-0.572066,
-0.7602,-0.454244,-0.570359,
-0.758792,-0.453756,-0.568652,
-0.757383,-0.453269,-0.566944,
-0.755975,-0.452781,-0.565237,
-0.754566,-0.452294,-0.563529,
-0.753158,-0.451806,-0.561822,
-0.751749,-0.451319,-0.560115,
-0.750341,-0.450831,-0.558407,
-0.748932,-0.450344,-0.5567,
-0.747524,-0.449856,-0.554993,
-0.746115,-0.449369,-0.553285,
-0.744707,-0.448881,-0.551578,
-0.743299,-0.448394,-0.54987,
-0.74189,-0.447906,-0.548163,
-0.740482,-0.447419,-0.546456,
-0.739073,-0.446931,-0.544748,
-0.737665,-0.446444,-0.543041,
-0.736256,-0.445956,-0.541334,
-0.734848,-0.445469,-0.539626,
-0.733439,-0.444981,-0.537919,
-0.732031,-0.444494,-0.536211,
-0.730622,-0.444006,-0.534504,
-0.729214,-0.443519,-0.532797,
-0.727805,-0.443031,-0.531089,
-0.726397,-0.442543,-0.529382,
-0.724988,-0.442056,-0.527674,
-0.72358,-0.441568,-0.525967,
-0.722171,-0.441081,-0.52426,
-0.720763,-0.440593,-0.522552,
-0.719354,-0.440106,-0.520845,
-0.717946,-0.439618,-0.519138,
-0.716537,-0.439131,-0.51743,
-0.715129,-0.438643,-0.515723,
-0.71372,-0.438156,-0.514015,
-0.712312,-0.437668,-0.512308,
-0.710903,-0.437181,-0.510601,
-0.709495,-0.436693,-0.508893,
-0.708086,-0.436206,-0.507186,
-0.706678,-0.435718,-0.505479,
-0.705269,-0.435231,-0.503771,
-0.703861,-0.434743,-0.502064,
-0.702452,-0.434256,-0.500356,
-0.701044,-0.433768,-0.498649,
-0.699635,-0.433281,-0.496942,
-0.698227,-0.432793,-0.495234,
-0.696818,-0.432306,-0.493527,
-0.69541,-0.431818,-0.491819,
-0.694001,-0.431331,-0.490112,
-0.692593,-0.430843,-0.488405,
-0.691185,-0.430356,-0.486697,
-0.689776,-0.429868,-0.48499,
-0.688368,-0.42938,-0.483283,
-0.686959,-0.428893,-0.481575,
-0.685551,-0.428405,-0.479868,
-0.684142,-0.427918,-0.47816,
-0.682734,-0.42743,-0.476453,
-0.681325,-0.426943,-0.474746,
-0.679917,-0.426455,-0.473038,
-0.678508,-0.425968,-0.471331,
-0.6771,-0.42548,-0.469624,
-0.675691,-0.424993,-0.467916,
-0.674283,-0.424505,-0.466209,
-0.672874,-0.424018,-0.464501,
-0.671466,-0.42353,-0.462794,
-0.670057,-0.423043,-0.461087,
-0.668649,-0.422555,-0.459379,
-0.66724,-0.422068,-0.457672,
-0.665832,-0.42158,-0.455965,
-0.664423,-0.421093,-0.454257,
-0.663015,-0.420605,-0.45255,
-0.661606,-0.420118,-0.450842,
-0.660198,-0.41963,-0.449135,
-0.658789,-0.419143,-0.447428,
-0.657381,-0.418655,-0.44572,
-0.655972,-0.418168,-0.444013,
-0.654564,-0.41768,-0.442305,
-0.653155,-0.417193,-0.440598,
-0.651747,-0.416705,-0.438891,
-0.650338,-0.416217,-0.437183,
-0.64893,-0.41573,-0.435476,
-0.647521,-0.415242,-0.433769,
-0.646113,-0.414755,-0.432061,
-0.644704,-0.414267,-0.430354,
-0.643296,-0.41378,-0.428646,
-0.641887,-0.413292,-0.426939,
-0.640479,-0.412805,-0.425232,
-0.639071,-0.412317,-0.423524,
-0.637662,-0.41183,-0.421817,
-0.636254,-0.411342,-0.42011,
-0.634845,-0.410855,-0.418402,
-0.633437,-0.410367,-0.416695,
-0.632028,-0.40988,-0.414987,
-0.63062,-0.409392,-0.41328,
-0.629211,-0.408905,-0.411573,
-0.627803,-0.408417,-0.409865,
-0.626394,-0.40793,-0.408158,
-0.624986,-0.407442,-0.40645,
-0.623577,-0.406955,-0.404743,
-0.622169,-0.406467,-0.403036,
-0.62076,-0.40598,-0.401328,
-0.62076,-0.40598,-0.401328,
-0.621927,-0.408254,-0.403061,
-0.623094,-0.410529,-0.404795,
-0.624261,-0.412804,-0.406528,
-0.625428,-0.415079,-0.408261,
-0.626595,-0.417354,-0.409994,
-0.627761,-0.419629,-0.411727,
-0.628928,-0.421903,-0.41346,
-0.630095,-0.424178,-0.415193,
-0.631262,-0.426453,-0.416926,
-0.632429,-0.428728,-0.418659,
-0.633596,-0.431003,-0.420393,
-0.634763,-0.433278,-0.422126,
-0.63593,-0.435553,-0.423859,
-0.637097,-0.437827,-0.425592,
-0.638263,-0.440102,-0.427325,
-0.63943,-0.442377,-0.429058,
-0.640597,-0.444652,-0.430791,
-0.641764,-0.446927,-0.432524,
-0.642931,-0.449202,-0.434257,
-0.644098,-0.451476,-0.435991,
-0.645265,-0.453751,-0.437724,
-0.646432,-0.456026,-0.439457,
-0.647598,-0.458301,-0.44119,
-0.648765,-0.460576,-0.442923,
-0.649932,-0.462851,-0.444656,
-0.651099,-0.465125,-0.446389,
-0.652266,-0.4674,-0.448122,
-0.653433,-0.469675,-0.449855,
-0.6546,-0.47195,-0.451588,
-0.655767,-0.474225,-0.453322,
-0.656934,-0.4765,-0.455055,
-0.6581,-0.478774,-0.456788,
-0.659267,-0.481049,-0.458521,
-0.660434,-0.483324,-0.460254,
-0.661601,-0.485599,-0.461987,
-0.662768,-0.487874,-0.46372,
-0.663935,-0.490149,-0.465453,
-0.665102,-0.492424,-0.467186,
-0.666269,-0.494698,-0.46892,
-0.667435,-0.496973,-0.470653,
-0.668602,-0.499248,-0.472386,
-0.669769,-0.501523,-0.474119,
-0.670936,-0.503798,-0.475852,
-0.672103,-0.506073,-0.477585,
-0.67327,-0.508347,-0.479318,
-0.674437,-0.510622,-0.481051,
-0.675604,-0.512897,-0.482784,
-0.67677,-0.515172,-0.484518,
-0.677937,-0.517447,-0.486251,
-0.679104,-0.519722,-0.487984,
-0.680271,-0.521996,-0.489717,
-0.681438,-0.524271,-0.49145,
-0.682605,-0.526546,-0.493183,
-0.683772,-0.528821,-0.494916,
-0.684939,-0.531096,-0.496649,
-0.686106,-0.533371,-0.498382,
-0.687272,-0.535645,-0.500116,
-0.688439,-0.53792,-0.501849,
-0.689606,-0.540195,-0.503582,
-0.690773,-0.54247,-0.505315,
-0.69194,-0.544745,-0.507048,
-0.693107,-0.54702,-0.508781,
-0.694274,-0.549294,-0.510514,
-0.695441,-0.551569,-0.512247,
-0.696607,-0.553844,-0.51398,
-0.697774,-0.556119,-0.515713,
-0.698941,-0.558394,-0.517447,
-0.700108,-0.560669,-0.51918,
-0.701275,-0.562944,-0.520913,
-0.702442,-0.565218,-0.522646,
-0.703609,-0.567493,-0.524379,
-0.704776,-0.569768,-0.526112,
-0.705943,-0.572043,-0.527845,
-0.707109,-0.574318,-0.529578,
-0.708276,-0.576593,-0.531311,
-0.709443,-0.578867,-0.533045,
-0.71061,-0.581142,-0.534778,
-0.711777,-0.583417,-0.536511,
-0.712944,-0.585692,-0.538244,
-0.714111,-0.587967,-0.539977,
-0.715278,-0.590242,-0.54171,
-0.716444,-0.592516,-0.543443,
-0.717611,-0.594791,-0.545176,
-0.718778,-0.597066,-0.546909,
-0.719945,-0.599341,-0.548643,
-0.721112,-0.601616,-0.550376,
-0.722279,-0.603891,-0.552109,
-0.723446,-0.606165,-0.553842,
-0.724613,-0.60844,-0.555575,
-0.72578,-0.610715,-0.557308,
-0.726946,-0.61299,-0.559041,
-0.728113,-0.615265,-0.560774,
-0.72928,-0.61754,-0.562507,
-0.730447,-0.619815,-0.564241,
-0.731614,-0.622089,-0.565974,
-0.732781,-0.624364,-0.567707,
-0.733948,-0.626639,-0.56944,
-0.735115,-0.628914,-0.571173,
-0.736281,-0.631189,-0.572906,
-0.737448,-0.633464,-0.574639,
-0.737448,-0.633464,-0.574639,
-0.734735,-0.627567,-0.574768,
-0.732022,-0.62167,-0.574897,
-0.729308,-0.615773,-0.575027,
-0.726595,-0.609876,-0.575156,
-0.723881,-0.603979,-0.575285,
-0.721168,-0.598082,-0.575414,
-0.718455,-0.592185,-0.575543,
-0.715741,-0.586288,-0.575672,
-0.713028,-0.580391,-0.575801,
-0.710315,-0.574494,-0.575931,
-0.707601,-0.568597,-0.57606,
-0.704888,-0.562701,-0.576189,
-0.702175,-0.556804,-0.576318,
-0.699461,-0.550907,-0.576447,
-0.696748,-0.54501,-0.576576,
-0.694034,-0.539113,-0.576705,
-0.691321,-0.533216,-0.576835,
-0.688608,-0.527319,-0.576964,
-0.685894,-0.521422,-0.577093,
-0.683181,-0.515525,-0.577222,
-0.680468,-0.509628,-0.577351,
-0.677754,-0.503731,-0.57748,
-0.675041,-0.497834,-0.577609,
-0.672328,-0.491937,-0.577739,
-0.669614,-0.486041,-0.577868,
-0.666901,-0.480144,-0.577997,
-0.664187,-0.474247,-0.578126,
-0.661474,-0.46835,-0.578255,
-0.658761,-0.462453,-0.578384,
-0.656047,-0.456556,-0.578513,
-0.653334,-0.450659,-0.578643,
-0.650621,-0.444762,-0.578772,
-0.647907,-0.438865,-0.578901,
-0.645194,-0.432968,-0.57903,
-0.64248,-0.427071,-0.579159,
-0.639767,-0.421174,-0.579288,
-0.637054,-0.415278,-0.579418,
-0.63434,-0.409381,-0.579547,
-0.631627,-0.403484,-0.579676,
-0.628914,-0.397587,-0.579805,
-0.6262,-0.39169,-0.579934,
-0.623487,-0.385793,-0.580063,
-0.620774,-0.379896,-0.580192,
-0.61806,-0.373999,-0.580322,
-0.615347,-0.368102,-0.580451,
-0.612633,-0.362205,-0.58058,
-0.60992,-0.356308,-0.580709,
-0.607207,-0.350411,-0.580838,
-0.604493,-0.344514,-0.580967,
-0.60178,-0.338618,-0.581096,
-0.599067,-0.332721,-0.581226,
-0.596353,-0.326824,-0.581355,
-0.59364,-0.320927,-0.581484,
-0.590927,-0.31503,-0.581613,
-0.588213,-0.309133,-0.581742,
-0.5855,-0.303236,-0.581871,
-0.582786,-0.297339,-0.582,
-0.580073,-0.291442,-0.58213,
-0.57736,-0.285545,-0.582259,
-0.574646,-0.279648,-0.582388,
-0.571933,-0.273751,-0.582517,
-0.56922,-0.267855,-0.582646,
-0.566506,-0.261958,-0.582775,
-0.563793,-0.256061,-0.582904,
-0.561079,-0.250164,-0.583034,
-0.558366,-0.244267,-0.583163,
-0.555653,-0.23837,-0.583292,
-0.552939,-0.232473,-0.583421,
-0.550226,-0.226576,-0.58355,
-0.547513,-0.220679,-0.583679,
-0.544799,-0.214782,-0.583808,
-0.542086,-0.208885,-0.583938,
-0.539373,-0.202988,-0.584067,
-0.536659,-0.197092,-0.584196,
-0.533946,-0.191195,-0.584325,
-0.531232,-0.185298,-0.584454,
-0.528519,-0.179401,-0.584583,
-0.525806,-0.173504,-0.584712,
-0.523092,-0.167607,-0.584842,
-0.520379,-0.16171,-0.584971,
-0.517666,-0.155813,-0.5851,
-0.514952,-0.149916,-0.585229,
-0.512239,-0.144019,-0.585358,
-0.509526,-0.138122,-0.585487,
-0.506812,-0.132225,-0.585616,
-0.504099,-0.126328,-0.585746,
-0.501385,-0.120432,-0.585875,
-0.498672,-0.114535,-0.586004,
-0.495959,-0.108638,-0.586133,
-0.493245,-0.102741,-0.586262,
-0.490532,-0.0968439,-0.586391,
-0.487819,-0.090947,-0.58652,
-0.485105,-0.08505,-0.58665,
-0.482392,-0.0791531,-0.586779,
-0.479679,-0.0732562,-0.586908,
-0.476965,-0.0673593,-0.587037,
-0.474252,-0.0614624,-0.587166,
-0.471538,-0.0555654,-0.587295,
-0.468825,-0.0496685,-0.587424,
-0.466112,-0.0437716,-0.587554,
-0.464485,-0.0406808,-0.587872,
-0.462857,-0.03759,-0.58819,
-0.46123,-0.0344991,-0.588508,
-0.459603,-0.0314083,-0.588826,
-0.457976,-0.0283175,-0.589145,
-0.456349,-0.0252267,-0.589463,
-0.454722,-0.0221358,-0.589781,
-0.453095,-0.019045,-0.590099,
-0.451467,-0.0159542,-0.590418,
-0.44984,-0.0128634,-0.590736,
-0.448213,-0.00977255,-0.591054,
-0.446586,-0.00668173,-0.591372,
-0.444959,-0.00359091,-0.59169,
-0.443332,-0.000500086,-0.592009,
-0.441705,0.00259074,-0.592327,
-0.440078,0.00568156,-0.592645,
-0.43845,0.00877238,-0.592963,
-0.436823,0.0118632,-0.593281,
-0.435196,0.014954,-0.5936,
-0.433569,0.0180448,-0.593918,
-0.431942,0.0211357,-0.594236,
-0.430315,0.0242265,-0.594554,
-0.428688,0.0273173,-0.594872,
-0.42706,0.0304081,-0.595191,
-0.425433,0.033499,-0.595509,
-0.423806,0.0365898,-0.595827,
-0.422179,0.0396806,-0.596145,
-0.420552,0.0427714,-0.596463,
-0.418925,0.0458623,-0.596782,
-0.417298,0.0489531,-0.5971,
-0.41567,0.0520439,-0.597418,
-0.414043,0.0551347,-0.597736,
-0.412416,0.0582255,-0.598055,
-0.410789,0.0613164,-0.598373,
-0.409162,0.0644072,-0.598691,
-0.407535,0.067498,-0.599009,
-0.405908,0.0705888,-0.599327,
-0.404281,0.0736797,-0.599646,
-0.402653,0.0767705,-0.599964,
-0.401026,0.0798613,-0.600282,
-0.399399,0.0829521,-0.6006,
-0.397772,0.0860429,-0.600918,
-0.396145,0.0891338,-0.601237,
-0.394518,0.0922246,-0.601555,
-0.392891,0.0953154,-0.601873,
-0.391263,0.0984062,-0.602191,
-0.389636,0.101497,-0.602509,
-0.388009,0.104588,-0.602828,
-0.386382,0.107679,-0.603146,
-0.384755,0.11077,-0.603464,
-0.383128,0.11386,-0.603782,
-0.381501,0.116951,-0.604101,
-0.379874,0.120042,-0.604419,
-0.378246,0.123133,-0.604737,
-0.376619,0.126224,-0.605055,
-0.374992,0.129314,-0.605373,
-0.373365,0.132405,-0.605692,
-0.371738,0.135496,-0.60601,
-0.370111,0.138587,-0.606328,
-0.368484,0.141678,-0.606646,
-0.366856,0.144769,-0.606964,
-0.365229,0.147859,-0.607283,
-0.363602,0.15095,-0.607601,
-0.361975,0.154041,-0.607919,
-0.360348,0.157132,-0.608237,
-0.358721,0.160223,-0.608555,
-0.357094,0.163314,-0.608874,
-0.355467,0.166404,-0.609192,
-0.353839,0.169495,-0.60951,
-0.352212,0.172586,-0.609828,
-0.350585,0.175677,-0.610147,
-0.348958,0.178768,-0.610465,
-0.347331,0.181858,-0.610783,
-0.345704,0.184949,-0.611101,
-0.344077,0.18804,-0.611419,
-0.342449,0.191131,-0.611738,
-0.340822,0.194222,-0.612056,
-0.339195,0.197313,-0.612374,
-0.337568,0.200403,-0.612692,
-0.335941,0.203494,-0.61301,
-0.334314,0.206585,-0.613329,
-0.332687,0.209676,-0.613647,
-0.331059,0.212767,-0.613965,
-0.329432,0.215857,-0.614283,
-0.327805,0.218948,-0.614601,
-0.326178,0.222039,-0.61492,
-0.324551,0.22513,-0.615238,
-0.322924,0.228221,-0.615556,
-0.321297,0.231312,-0.615874,
-0.31967,0.234402,-0.616193,
-0.318042,0.237493,-0.616511,
-0.316415,0.240584,-0.616829,
-0.314788,0.243675,-0.617147,
-0.313161,0.246766,-0.617465,
-0.311534,0.249857,-0.617784,
-0.309907,0.252947,-0.618102,
-0.30828,0.256038,-0.61842,
-0.306652,0.259129,-0.618738,
-0.305025,0.26222,-0.619056,
-0.303398,0.265311,-0.619375,
-0.303398,0.265311,-0.619375,
-0.299489,0.265554,-0.619873,
-0.29558,0.265797,-0.620372,
-0.29167,0.26604,-0.620871,
-0.287761,0.266283,-0.62137,
-0.283852,0.266526,-0.621869,
-0.279943,0.266769,-0.622367,
-0.276033,0.267012,-0.622866,
-0.272124,0.267255,-0.623365,
-0.268215,0.267498,-0.623864,
-0.264306,0.267741,-0.624362,
-0.260396,0.267984,-0.624861,
-0.256487,0.268227,-0.62536,
-0.252578,0.26847,-0.625859,
-0.248668,0.268713,-0.626358,
-0.244759,0.268956,-0.626856,
-0.24085,0.269199,-0.627355,
-0.236941,0.269442,-0.627854,
-0.233031,0.269685,-0.628353,
-0.229122,0.269928,-0.628851,
-0.225213,0.270171,-0.62935,
-0.221304,0.270414,-0.629849,
-0.217394,0.270657,-0.630348,
-0.213485,0.2709,-0.630847,
-0.209576,0.271143,-0.631345,
-0.205666,0.271386,-0.631844,
-0.201757,0.271629,-0.632343,
-0.197848,0.271872,-0.632842,
-0.193939,0.272115,-0.633341,
-0.190029,0.272358,-0.633839,
-0.18612,0.272601,-0.634338,
-0.182211,0.272844,-0.634837,
-0.178302,0.273087,-0.635336,
-0.174392,0.27333,-0.635834,
-0.170483,0.273573,-0.636333,
-0.166574,0.273816,-0.636832,
-0.162665,0.274059,-0.637331,
-0.158755,0.274302,-0.63783,
-0.154846,0.274545,-0.638328,
-0.150937,0.274788,-0.638827,
-0.147027,0.275031,-0.639326,
-0.143118,0.275274,-0.639825,
-0.139209,0.275517,-0.640323,
-0.1353,0.27576,-0.640822,
-0.13139,0.276003,-0.641321,
-0.127481,0.276246,-0.64182,
-0.123572,0.276489,-0.642319,
-0.119663,0.276732,-0.642817,
-0.115753,0.276975,-0.643316,
-0.111844,0.277218,-0.643815,
-0.107935,0.277461,-0.644314,
-0.104025,0.277704,-0.644812,
-0.100116,0.277947,-0.645311,
-0.096207,0.27819,-0.64581,
-0.0922977,0.278433,-0.646309,
-0.0883884,0.278676,-0.646808,
-0.0844792,0.278919,-0.647306,
-0.0805699,0.279162,-0.647805,
-0.0766606,0.279405,-0.648304,
-0.0727513,0.279648,-0.648803,
-0.0688421,0.279891,-0.649302,
-0.0649328,0.280134,-0.6498,
-0.0610235,0.280378,-0.650299,
-0.0571143,0.280621,-0.650798,
-0.053205,0.280864,-0.651297,
-0.0492957,0.281107,-0.651795,
-0.0453865,0.28135,-0.652294,
-0.0414772,0.281593,-0.652793,
-0.0375679,0.281836,-0.653292,
-0.0336587,0.282079,-0.653791,
-0.0297494,0.282322,-0.654289,
-0.0258401,0.282565,-0.654788,
-0.0219309,0.282808,-0.655287,
-0.0180216,0.283051,-0.655786,
-0.0141123,0.283294,-0.656284,
-0.010203,0.283537,-0.656783,
-0.00629378,0.28378,-0.657282,
-0.00238451,0.284023,-0.657781,
0.00152476,0.284266,-0.65828,
0.00543403,0.284509,-0.658778,
0.00934329,0.284752,-0.659277,
0.0132526,0.284995,-0.659776,
0.0171618,0.285238,-0.660275,
0.0210711,0.285481,-0.660774,
0.0249804,0.285724,-0.661272,
0.0288896,0.285967,-0.661771,
0.0327989,0.28621,-0.66227,
0.0367082,0.286453,-0.662769,
0.0406174,0.286696,-0.663267,
0.0445267,0.286939,-0.663766,
0.048436,0.287182,-0.664265,
0.0523452,0.287425,-0.664764,
0.0562545,0.287668,-0.665263,
0.0601638,0.287911,-0.665761,
0.0640731,0.288154,-0.66626,
0.0679823,0.288397,-0.666759,
0.0718916,0.28864,-0.667258,
0.0758009,0.288883,-0.667756,
0.0797101,0.289126,-0.668255,
0.0836194,0.289369,-0.668754,
0.0875287,0.289612,-0.669253,
0.0875287,0.289612,-0.669253,
0.0941352,0.279092,-0.664527,
0.100742,0.268572,-0.659801,
0.107348,0.258051,-0.655074,
0.113955,0.247531,-0.650348,
0.120561,0.237011,-0.645622,
0.127168,0.226491,-0.640896,
0.133774,0.21597,-0.63617,
0.140381,0.20545,-0.631444,
0.146987,0.19493,-0.626717,
0.153594,0.18441,-0.621991,
0.1602,0.173889,-0.617265,
0.166807,0.163369,-0.612539,
0.173413,0.152849,-0.607813,
0.18002,0.142329,-0.603087,
0.186626,0.131808,-0.598361,
0.193233,0.121288,-0.593634,
0.199839,0.110768,-0.588908,
0.206446,0.100248,-0.584182,
0.213052,0.0897275,-0.579456,
0.219659,0.0792073,-0.57473,
0.226265,0.068687,-0.570004,
0.232872,0.0581668,-0.565278,
0.239478,0.0476465,-0.560551,
0.246085,0.0371263,-0.555825,
0.252691,0.0266061,-0.551099,
0.259298,0.0160858,-0.546373,
0.265904,0.00556559,-0.541647,
0.272511,-0.00495465,-0.536921,
0.279117,-0.0154749,-0.532194,
0.285724,-0.0259951,-0.527468,
0.29233,-0.0365154,-0.522742,
0.298937,-0.0470356,-0.518016,
0.305543,-0.0575558,-0.51329,
0.31215,-0.0680761,-0.508564,
0.318756,-0.0785963,-0.503838,
0.325363,-0.0891166,-0.499111,
0.331969,-0.0996368,-0.494385,
0.338576,-0.110157,-0.489659,
0.345182,-0.120677,-0.484933,
0.351789,-0.131198,-0.480207,
0.358395,-0.141718,-0.475481,
0.365002,-0.152238,-0.470755,
0.371608,-0.162758,-0.466028,
0.378215,-0.173278,-0.461302,
0.384822,-0.183799,-0.456576,
0.391428,-0.194319,-0.45185,
0.398035,-0.204839,-0.447124,
0.404641,-0.215359,-0.442398,
0.411248,-0.22588,-0.437672,
0.417854,-0.2364,-0.432945,
0.424461,-0.24692,-0.428219,
0.431067,-0.25744,-0.423493,
0.437674,-0.267961,-0.418767,
0.44428,-0.278481,-0.414041,
0.450887,-0.289001,-0.409315,
0.457493,-0.299521,-0.404588,
0.4641,-0.310042,-0.399862,
0.470706,-0.320562,-0.395136,
0.477313,-0.331082,-0.39041,
0.483919,-0.341602,-0.385684,
0.490526,-0.352123,-0.380958,
0.497132,-0.362643,-0.376232,
0.503739,-0.373163,-0.371505,
0.510345,-0.383683,-0.366779,
0.516952,-0.394203,-0.362053,
0.523558,-0.404724,-0.357327,
0.530165,-0.415244,-0.352601,
0.536771,-0.425764,-0.347875,
0.543378,-0.436284,-0.343149,
0.549984,-0.446805,-0.338422,
0.556591,-0.457325,-0.333696,
0.563197,-0.467845,-0.32897,
0.569804,-0.478365,-0.324244,
0.57641,-0.488886,-0.319518,
0.583017,-0.499406,-0.314792,
0.589623,-0.509926,-0.310066,
0.59623,-0.520446,-0.305339,
0.602836,-0.530967,-0.300613,
0.609443,-0.541487,-0.295887,
0.616049,-0.552007,-0.291161,
0.622656,-0.562527,-0.286435,
0.629262,-0.573048,-0.281709,
0.635869,-0.583568,-0.276982,
0.642475,-0.594088,-0.272256,
0.649082,-0.604608,-0.26753,
0.655688,-0.615128,-0.262804,
0.662295,-0.625649,-0.258078,
0.668901,-0.636169,-0.253352,
0.675508,-0.646689,-0.248626,
0.682114,-0.657209,-0.243899,
0.688721,-0.66773,-0.239173,
0.695327,-0.67825,-0.234447,
0.701934,-0.68877,-0.229721,
0.70854,-0.69929,-0.224995,
0.715147,-0.709811,-0.220269,
0.721753,-0.720331,-0.215543,
0.72836,-0.730851,-0.210816,
0.734966,-0.741371,-0.20609,
0.741573,-0.751892,-0.201364,
0.748179,-0.762412,-0.196638,
0.748179,-0.762412,-0.196638,
0.750552,-0.762055,-0.198999,
0.752925,-0.761699,-0.20136,
0.755297,-0.761342,-0.203721,
0.75767,-0.760986,-0.206083,
0.760042,-0.760629,-0.208444,
0.762415,-0.760272,-0.210805,
0.764787,-0.759916,-0.213166,
0.76716,-0.759559,-0.215527,
0.769532,-0.759203,-0.217888,
0.771905,-0.758846,-0.22025,
0.774278,-0.75849,-0.222611,
0.77665,-0.758133,-0.224972,
0.779023,-0.757776,-0.227333,
0.781395,-0.75742,-0.229694,
0.783768,-0.757063,-0.232055,
0.78614,-0.756707,-0.234417,
0.788513,-0.75635,-0.236778,
0.790885,-0.755994,-0.239139,
0.793258,-0.755637,-0.2415,
0.795631,-0.75528,-0.243861,
0.798003,-0.754924,-0.246222,
0.800376,-0.754567,-0.248584,
0.802748,-0.754211,-0.250945,
0.805121,-0.753854,-0.253306,
0.807493,-0.753498,-0.255667,
0.809866,-0.753141,-0.258028,
0.812238,-0.752784,-0.260389,
0.814611,-0.752428,-0.262751,
0.816984,-0.752071,-0.265112,
0.819356,-0.751715,-0.267473,
0.821729,-0.751358,-0.269834,
0.824101,-0.751002,-0.272195,
0.826474,-0.750645,-0.274556,
0.828846,-0.750288,-0.276918,
0.831219,-0.749932,-0.279279,
0.833591,-0.749575,-0.28164,
0.835964,-0.749219,-0.284001,
0.838337,-0.748862,-0.286362,
0.840709,-0.748506,-0.288723,
0.843082,-0.748149,-0.291085,
0.845454,-0.747792,-0.293446,
0.847827,-0.747436,-0.295807,
0.850199,-0.747079,-0.298168,
0.852572,-0.746723,-0.300529,
0.854944,-0.746366,-0.30289,
0.857317,-0.74601,-0.305252,
0.85969,-0.745653,-0.307613,
0.862062,-0.745296,-0.309974,
0.864435,-0.74494,-0.312335,
0.866807,-0.744583,-0.314696,
0.86918,-0.744227,-0.317057,
0.871552,-0.74387,-0.319419,
0.873925,-0.743514,-0.32178,
0.876297,-0.743157,-0.324141,
0.87867,-0.7428,-0.326502,
0.881043,-0.742444,-0.328863,
0.883415,-0.742087,-0.331224,
0.885788,-0.741731,-0.333586,
0.88816,-0.741374,-0.335947,
0.890533,-0.741018,-0.338308,
0.892905,-0.740661,-0.340669,
0.895278,-0.740305,-0.34303,
0.89765,-0.739948,-0.345391,
0.900023,-0.739591,-0.347753,
0.902396,-0.739235,-0.350114,
0.904768,-0.738878,-0.352475,
0.907141,-0.738522,-0.354836,
0.909513,-0.738165,-0.357197,
0.911886,-0.737809,-0.359558,
0.914258,-0.737452,-0.36192,
0.916631,-0.737095,-0.364281,
0.919003,-0.736739,-0.366642,
0.921376,-0.736382,-0.369003,
0.923749,-0.736026,-0.371364,
0.926121,-0.735669,-0.373725,
0.928494,-0.735313,-0.376087,
0.930866,-0.734956,-0.378448,
0.933239,-0.734599,-0.380809,
0.935611,-0.734243,-0.38317,
0.937984,-0.733886,-0.385531,
0.940356,-0.73353,-0.387892,
0.942729,-0.733173,-0.390254,
0.945102,-0.732817,-0.392615,
0.947474,-0.73246,-0.394976,
0.949847,-0.732103,-0.397337,
0.952219,-0.731747,-0.399698,
0.954592,-0.73139,-0.402059,
0.956964,-0.731034,-0.404421,
0.959337,-0.730677,-0.406782,
0.961709,-0.730321,-0.409143,
0.964082,-0.729964,-0.411504,
0.966455,-0.729607,-0.413865,
0.968827,-0.729251,-0.416226,
0.9712,-0.728894,-0.418588,
0.973572,-0.728538,-0.420949,
0.975945,-0.728181,-0.42331,
0.978317,-0.727825,-0.425671,
0.98069,-0.727468,-0.428032,
0.983062,-0.727111,-0.430393,
0.985435,-0.726755,-0.432755,
0.98043,-0.712349,-0.438907,
0.975425,-0.697943,-0.44506,
0.97042,-0.683537,-0.451213,
0.965415,-0.669131,-0.457366,
0.96041,-0.654725,-0.463518,
0.955405,-0.640319,-0.469671,
0.9504,-0.625914,-0.475824,
0.945395,-0.611508,-0.481977,
0.94039,-0.597102,-0.48813,
0.935385,-0.582696,-0.494282,
0.93038,-0.56829,-0.500435,
0.925375,-0.553884,-0.506588,
0.92037,-0.539478,-0.512741,
0.915365,-0.525072,-0.518893,
0.91036,-0.510666,-0.525046,
0.905355,-0.49626,-0.531199,
0.90035,-0.481855,-0.537352,
0.895345,-0.467449,-0.543505,
0.89034,-0.453043,-0.549657,
0.885335,-0.438637,-0.55581,
0.88033,-0.424231,-0.561963,
0.875325,-0.409825,-0.568116,
0.87032,-0.395419,-0.574269,
0.865315,-0.381013,-0.580421,
0.86031,-0.366607,-0.586574,
0.855305,-0.352201,-0.592727,
0.8503,-0.337796,-0.59888,
0.845295,-0.32339,-0.605032,
0.84029,-0.308984,-0.611185,
0.835285,-0.294578,-0.617338,
0.83028,-0.280172,-0.623491,
0.825275,-0.265766,-0.629644,
0.82027,-0.25136,-0.635796,
0.815265,-0.236954,-0.641949,
0.81026,-0.222548,-0.648102,
0.805255,-0.208142,-0.654255,
0.80025,-0.193736,-0.660407,
0.795245,-0.179331,-0.66656,
0.79024,-0.164925,-0.672713,
0.785235,-0.150519,-0.678866,
0.78023,-0.136113,-0.685019,
0.775225,-0.121707,-0.691171,
0.77022,-0.107301,-0.697324,
0.765215,-0.0928952,-0.703477,
0.76021,-0.0784893,-0.70963,
0.755205,-0.0640834,-0.715782,
0.7502,-0.0496775,-0.721935,
0.745195,-0.0352716,-0.728088,
0.74019,-0.0208657,-0.734241,
0.735185,-0.00645976,-0.740394,
0.73018,0.00794614,-0.746546,
0.725175,0.022352,-0.752699,
0.72017,0.0367579,-0.758852,
0.715165,0.0511639,-0.765005,
0.71016,0.0655698,-0.771157,
0.705155,0.0799757,-0.77731,
0.70015,0.0943816,-0.783463,
0.695145,0.108787,-0.789616,
0.69014,0.123193,-0.795769,
0.685135,0.137599,-0.801921,
0.68013,0.152005,-0.808074,
0.675125,0.166411,-0.814227,
0.67012,0.180817,-0.82038,
0.665115,0.195223,-0.826532,
0.66011,0.209629,-0.832685,
0.655105,0.224035,-0.838838,
0.6501,0.238441,-0.844991,
0.645095,0.252846,-0.851144,
0.64009,0.267252,-0.857296,
0.635085,0.281658,-0.863449,
0.63008,0.296064,-0.869602,
0.625075,0.31047,-0.875755,
0.62007,0.324876,-0.881908,
0.615065,0.339282,-0.88806,
0.61006,0.353688,-0.894213,
0.605055,0.368094,-0.900366,
0.60005,0.3825,-0.906519,
0.595045,0.396905,-0.912671,
0.59004,0.411311,-0.918824,
0.585035,0.425717,-0.924977,
0.58003,0.440123,-0.93113,
0.575025,0.454529,-0.937283,
0.57002,0.468935,-0.943435,
0.565015,0.483341,-0.949588,
0.56001,0.497747,-0.955741,
0.555005,0.512153,-0.961894,
0.55,0.526559,-0.968046,
0.544995,0.540965,-0.974199,
0.53999,0.55537,-0.980352,
0.534985,0.569776,-0.986505,
0.52998,0.584182,-0.992658,
0.524975,0.598588,-0.99881,
0.51997,0.612994,-1.00496,
0.514965,0.6274,-1.01112,
0.50996,0.641806,-1.01727,
0.504955,0.656212,-1.02342,
0.49995,0.670618,-1.02957,
0.494945,0.685024,-1.03573,
0.48994,0.699429,-1.04188,
0.484935,0.713835,-1.04803,
0.484935,0.713835,-1.04803,
0.489175,0.700036,-1.04376,
0.493415,0.686236,-1.03948,
0.497655,0.672437,-1.0352,
0.501895,0.658638,-1.03092,
0.506136,0.644838,-1.02665,
0.510376,0.631039,-1.02237,
0.514616,0.617239,-1.01809,
0.518856,0.60344,-1.01381,
0.523096,0.58964,-1.00954,
0.527336,0.575841,-1.00526,
0.531576,0.562041,-1.00098,
0.535816,0.548242,-0.996704,
0.540056,0.534443,-0.992427,
0.544296,0.520643,-0.988149,
0.548536,0.506844,-0.983872,
0.552776,0.493044,-0.979595,
0.557016,0.479245,-0.975317,
0.561256,0.465445,-0.97104,
0.565497,0.451646,-0.966763,
0.569737,0.437846,-0.962485,
0.573977,0.424047,-0.958208,
0.578217,0.410247,-0.95393,
0.582457,0.396448,-0.949653,
0.586697,0.382649,-0.945376,
0.590937,0.368849,-0.941098,
0.595177,0.35505,-0.936821,
0.599417,0.34125,-0.932544,
0.603657,0.327451,-0.928266,
0.607897,0.313651,-0.923989,
0.612137,0.299852,-0.919712,
0.616377,0.286052,-0.915434,
0.620617,0.272253,-0.911157,
0.624858,0.258454,-0.906879,
0.629098,0.244654,-0.902602,
0.633338,0.230855,-0.898325,
0.637578,0.217055,-0.894047,
0.641818,0.203256,-0.88977,
0.646058,0.189456,-0.885493,
0.650298,0.175657,-0.881215,
0.654538,0.161857,-0.876938,
0.658778,0.148058,-0.872661,
0.663018,0.134259,-0.868383,
0.667258,0.120459,-0.864106,
0.671498,0.10666,-0.859828,
0.675738,0.0928602,-0.855551,
0.679978,0.0790608,-0.851274,
0.684219,0.0652613,-0.846996,
0.688459,0.0514619,-0.842719,
0.692699,0.0376624,-0.838442,
0.696939,0.023863,-0.834164,
0.701179,0.0100635,-0.829887,
0.705419,-0.00373592,-0.825609,
0.709659,-0.0175354,-0.821332,
0.713899,-0.0313348,-0.817055,
0.718139,-0.0451343,-0.812777,
0.722379,-0.0589337,-0.8085,
0.726619,-0.0727332,-0.804223,
0.730859,-0.0865326,-0.799945,
0.735099,-0.100332,-0.795668,
0.739339,-0.114132,-0.791391,
0.743579,-0.127931,-0.787113,
0.74782,-0.14173,-0.782836,
0.75206,-0.15553,-0.778558,
0.7563,-0.169329,-0.774281,
0.76054,-0.183129,-0.770004,
0.76478,-0.196928,-0.765726,
0.76902,-0.210728,-0.761449,
0.77326,-0.224527,-0.757172,
0.7775,-0.238327,-0.752894,
0.78174,-0.252126,-0.748617,
0.78598,-0.265925,-0.744339,
0.79022,-0.279725,-0.740062,
0.79446,-0.293524,-0.735785,
0.7987,-0.307324,-0.731507,
0.80294,-0.321123,-0.72723,
0.807181,-0.334923,-0.722953,
0.811421,-0.348722,-0.718675,
0.815661,-0.362522,-0.714398,
0.819901,-0.376321,-0.710121,
0.824141,-0.39012,-0.705843,
0.828381,-0.40392,-0.701566,
0.832621,-0.417719,-0.697288,
0.836861,-0.431519,-0.693011,
0.841101,-0.445318,-0.688734,
0.845341,-0.459118,-0.684456,
0.849581,-0.472917,-0.680179,
0.853821,-0.486717,-0.675902,
0.858061,-0.500516,-0.671624,
0.862301,-0.514315,-0.667347,
0.866542,-0.528115,-0.66307,
0.870782,-0.541914,-0.658792,
0.875022,-0.555714,-0.654515,
0.879262,-0.569513,-0.650237,
0.883502,-0.583313,-0.64596,
0.887742,-0.597112,-0.641683,
0.891982,-0.610912,-0.637405,
0.896222,-0.624711,-0.633128,
0.900462,-0.638511,-0.628851,
0.904702,-0.65231,-0.624573,
0.908942,-0.666109,-0.620296,
0.908942,-0.666109,-0.620296,
0.900077,-0.655088,-0.621161,
0.891213,-0.644067,-0.622027,
0.882348,-0.633045,-0.622892,
0.873483,-0.622024,-0.623758,
0.864618,-0.611003,-0.624623,
0.855754,-0.599981,-0.625488,
0.846889,-0.58896,-0.626354,
0.838024,-0.577939,-0.627219,
0.829159,-0.566918,-0.628085,
0.820295,-0.555896,-0.62895,
0.81143,-0.544875,-0.629816,
0.802565,-0.533854,-0.630681,
0.7937,-0.522832,-0.631546,
0.784836,-0.511811,-0.632412,
0.775971,-0.50079,-0.633277,
0.767106,-0.489768,-0.634143,
0.758242,-0.478747,-0.635008,
0.749377,-0.467726,-0.635874,
0.740512,-0.456704,-0.636739,
0.731647,-0.445683,-0.637604,
0.722783,-0.434662,-0.63847,
0.713918,-0.42364,-0.639335,
0.705053,-0.412619,-0.640201,
0.696188,-0.401598,-0.641066,
0.687324,-0.390576,-0.641932,
0.678459,-0.379555,-0.642797,
0.669594,-0.368534,-0.643663,
0.660729,-0.357512,-0.644528,
0.651865,-0.346491,-0.645393,
0.643,-0.33547,-0.646259,
0.634135,-0.324448,-0.647124,
0.62527,-0.313427,-0.64799,
0.616406,-0.302406,-0.648855,
0.607541,-0.291385,-0.649721,
0.598676,-0.280363,-0.650586,
0.589811,-0.269342,-0.651451,
0.580947,-0.258321,-0.652317,
0.572082,-0.247299,-0.653182,
0.563217,-0.236278,-0.654048,
0.554352,-0.225257,-0.654913,
0.545488,-0.214235,-0.655779,
0.536623,-0.203214,-0.656644,
0.527758,-0.192193,-0.657509,
0.518893,-0.181171,-0.658375,
0.510029,-0.17015,-0.65924,
0.501164,-0.159129,-0.660106,
0.492299,-0.148107,-0.660971,
0.483434,-0.137086,-0.661837,
0.47457,-0.126065,-0.662702,
0.465705,-0.115043,-0.663567,
0.45684,-0.104022,-0.664433,
0.447975,-0.0930007,-0.665298,
0.439111,-0.0819794,-0.666164,
0.430246,-0.0709581,-0.667029,
0.421381,-0.0599368,-0.667895,
0.412516,-0.0489154,-0.66876,
0.403652,-0.0378941,-0.669626,
0.394787,-0.0268728,-0.670491,
0.385922,-0.0158515,-0.671356,
0.377057,-0.00483017,-0.672222,
0.368193,0.00619115,-0.673087,
0.359328,0.0172125,-0.673953,
0.350463,0.0282338,-0.674818,
0.341598,0.0392551,-0.675684,
0.332734,0.0502764,-0.676549,
0.323869,0.0612978,-0.677414,
0.315004,0.0723191,-0.67828,
0.306139,0.0833404,-0.679145,
0.297275,0.0943617,-0.680011,
0.28841,0.105383,-0.680876,
0.279545,0.116404,-0.681742,
0.27068,0.127426,-0.682607,
0.261816,0.138447,-0.683472,
0.252951,0.149468,-0.684338,
0.244086,0.16049,-0.685203,
0.235221,0.171511,-0.686069,
0.226357,0.182532,-0.686934,
0.217492,0.193554,-0.6878,
0.208627,0.204575,-0.688665,
0.199762,0.215596,-0.68953,
0.190898,0.226618,-0.690396,
0.182033,0.237639,-0.691261,
0.173168,0.24866,-0.692127,
0.164303,0.259682,-0.692992,
0.155439,0.270703,-0.693858,
0.146574,0.281724,-0.694723,
0.137709,0.292745,-0.695589,
0.128844,0.303767,-0.696454,
0.11998,0.314788,-0.697319,
0.111115,0.325809,-0.698185,
0.10225,0.336831,-0.69905,
0.0933854,0.347852,-0.699916,
0.0845206,0.358873,-0.700781,
0.0756559,0.369895,-0.701647,
0.0667911,0.380916,-0.702512,
0.0579264,0.391937,-0.703377,
0.0490616,0.402959,-0.704243,
0.0401969,0.41398,-0.705108,
0.0313321,0.425001,-0.705974,
0.0224674,0.436023,-0.706839,
0.0177473,0.425222,-0.70615,
0.0130272,0.414421,-0.705461,
0.00830712,0.40362,-0.704772,
0.00358703,0.392819,-0.704082,
-0.00113306,0.382018,-0.703393,
-0.00585314,0.371217,-0.702704,
-0.0105732,0.360416,-0.702015,
-0.0152933,0.349615,-0.701325,
-0.0200134,0.338814,-0.700636,
-0.0247335,0.328013,-0.699947,
-0.0294536,0.317212,-0.699258,
-0.0341737,0.306411,-0.698569,
-0.0388937,0.29561,-0.697879,
-0.0436138,0.284809,-0.69719,
-0.0483339,0.274009,-0.696501,
-0.053054,0.263208,-0.695812,
-0.0577741,0.252407,-0.695123,
-0.0624942,0.241606,-0.694433,
-0.0672143,0.230805,-0.693744,
-0.0719344,0.220004,-0.693055,
-0.0766544,0.209203,-0.692366,
-0.0813745,0.198402,-0.691677,
-0.0860946,0.187601,-0.690987,
-0.0908147,0.1768,-0.690298,
-0.0955348,0.165999,-0.689609,
-0.100255,0.155198,-0.68892,
-0.104975,0.144397,-0.68823,
-0.109695,0.133596,-0.687541,
-0.114415,0.122795,-0.686852,
-0.119135,0.111994,-0.686163,
-0.123855,0.101194,-0.685474,
-0.128575,0.0903926,-0.684784,
-0.133295,0.0795916,-0.684095,
-0.138016,0.0687907,-0.683406,
-0.142736,0.0579898,-0.682717,
-0.147456,0.0471888,-0.682028,
-0.152176,0.0363879,-0.681338,
-0.156896,0.0255869,-0.680649,
-0.161616,0.014786,-0.67996,
-0.166336,0.00398505,-0.679271,
-0.171056,-0.00681589,-0.678582,
-0.175776,-0.0176168,-0.677892,
-0.180496,-0.0284178,-0.677203,
-0.185216,-0.0392187,-0.676514,
-0.189937,-0.0500196,-0.675825,
-0.194657,-0.0608206,-0.675136,
-0.199377,-0.0716215,-0.674446,
-0.204097,-0.0824225,-0.673757,
-0.208817,-0.0932234,-0.673068,
-0.213537,-0.104024,-0.672379,
-0.218257,-0.114825,-0.671689,
-0.222977,-0.125626,-0.671,
-0.227697,-0.136427,-0.670311,
-0.232417,-0.147228,-0.669622,
-0.237137,-0.158029,-0.668933,
-0.241857,-0.16883,-0.668243,
-0.246578,-0.179631,-0.667554,
-0.251298,-0.190432,-0.666865,
-0.256018,-0.201233,-0.666176,
-0.260738,-0.212034,-0.665487,
-0.265458,-0.222835,-0.664797,
-0.270178,-0.233636,-0.664108,
-0.274898,-0.244437,-0.663419,
-0.279618,-0.255238,-0.66273,
-0.284338,-0.266038,-0.662041,
-0.289058,-0.276839,-0.661351,
-0.293778,-0.28764,-0.660662,
-0.298499,-0.298441,-0.659973,
-0.303219,-0.309242,-0.659284,
-0.307939,-0.320043,-0.658594,
-0.312659,-0.330844,-0.657905,
-0.317379,-0.341645,-0.657216,
-0.322099,-0.352446,-0.656527,
-0.326819,-0.363247,-0.655838,
-0.331539,-0.374048,-0.655148,
-0.336259,-0.384849,-0.654459,
-0.340979,-0.39565,-0.65377,
-0.345699,-0.406451,-0.653081,
-0.350419,-0.417252,-0.652392,
-0.35514,-0.428053,-0.651702,
-0.35986,-0.438853,-0.651013,
-0.36458,-0.449654,-0.650324,
-0.3693,-0.460455,-0.649635,
-0.37402,-0.471256,-0.648946,
-0.37874,-0.482057,-0.648256,
-0.38346,-0.492858,-0.647567,
-0.38818,-0.503659,-0.646878,
-0.3929,-0.51446,-0.646189,
-0.39762,-0.525261,-0.6455,
-0.40234,-0.536062,-0.64481,
-0.407061,-0.546863,-0.644121,
-0.411781,-0.557664,-0.643432,
-0.416501,-0.568465,-0.642743,
-0.421221,-0.579266,-0.642053,
-0.425941,-0.590067,-0.641364,
-0.430661,-0.600868,-0.640675,
-0.435381,-0.611669,-0.639986,
-0.440101,-0.622469,-0.639297,
-0.444821,-0.63327,-0.638607,
-0.449541,-0.644071,-0.637918,
-0.449541,-0.644071,-0.637918,
-0.447123,-0.632603,-0.639171,
-0.444705,-0.621135,-0.640423,
-0.442287,-0.609666,-0.641676,
-0.439868,-0.598198,-0.642928,
-0.43745,-0.58673,-0.64418,
-0.435032,-0.575261,-0.645433,
-0.432614,-0.563793,-0.646685,
-0.430196,-0.552324,-0.647938,
-0.427777,-0.540856,-0.64919,
-0.425359,-0.529388,-0.650443,
-0.422941,-0.517919,-0.651695,
-0.420523,-0.506451,-0.652948,
-0.418104,-0.494983,-0.6542,
-0.415686,-0.483514,-0.655452,
-0.413268,-0.472046,-0.656705,
-0.41085,-0.460578,-0.657957,
-0.408432,-0.449109,-0.65921,
-0.406013,-0.437641,-0.660462,
-0.403595,-0.426172,-0.661715,
-0.401177,-0.414704,-0.662967,
-0.398759,-0.403236,-0.664219,
-0.39634,-0.391767,-0.665472,
-0.393922,-0.380299,-0.666724,
-0.391504,-0.368831,-0.667977,
-0.389086,-0.357362,-0.669229,
-0.386668,-0.345894,-0.670482,
-0.384249,-0.334426,-0.671734,
-0.381831,-0.322957,-0.672987,
-0.379413,-0.311489,-0.674239,
-0.376995,-0.30002,-0.675491,
-0.374576,-0.288552,-0.676744,
-0.372158,-0.277084,-0.677996,
-0.36974,-0.265615,-0.679249,
-0.367322,-0.254147,-0.680501,
-0.364904,-0.242679,-0.681754,
-0.362485,-0.23121,-0.683006,
-0.360067,-0.219742,-0.684259,
-0.357649,-0.208274,-0.685511,
-0.355231,-0.196805,-0.686763,
-0.352813,-0.185337,-0.688016,
-0.350394,-0.173868,-0.689268,
-0.347976,-0.1624,-0.690521,
-0.345558,-0.150932,-0.691773,
-0.34314,-0.139463,-0.693026,
-0.340721,-0.127995,-0.694278,
-0.338303,-0.116527,-0.695531,
-0.335885,-0.105058,-0.696783,
-0.333467,-0.0935899,-0.698035,
-0.331049,-0.0821216,-0.699288,
-0.32863,-0.0706532,-0.70054,
-0.326212,-0.0591848,-0.701793,
-0.323794,-0.0477165,-0.703045,
-0.321376,-0.0362481,-0.704298,
-0.318957,-0.0247798,-0.70555,
-0.316539,-0.0133114,-0.706803,
-0.314121,-0.00184303,-0.708055,
-0.311703,0.00962533,-0.709307,
-0.309285,0.0210937,-0.71056,
-0.306866,0.0325621,-0.711812,
-0.304448,0.0440304,-0.713065,
-0.30203,0.0554988,-0.714317,
-0.299612,0.0669671,-0.71557,
-0.297193,0.0784355,-0.716822,
-0.294775,0.0899039,-0.718074,
-0.292357,0.101372,-0.719327,
-0.289939,0.112841,-0.720579,
-0.287521,0.124309,-0.721832,
-0.285102,0.135777,-0.723084,
-0.282684,0.147246,-0.724337,
-0.280266,0.158714,-0.725589,
-0.277848,0.170182,-0.726842,
-0.27543,0.181651,-0.728094,
-0.273011,0.193119,-0.729346,
-0.270593,0.204588,-0.730599,
-0.268175,0.216056,-0.731851,
-0.265757,0.227524,-0.733104,
-0.263338,0.238993,-0.734356,
-0.26092,0.250461,-0.735609,
-0.258502,0.261929,-0.736861,
-0.256084,0.273398,-0.738114,
-0.253666,0.284866,-0.739366,
-0.251247,0.296334,-0.740618,
-0.248829,0.307803,-0.741871,
-0.246411,0.319271,-0.743123,
-0.243993,0.330739,-0.744376,
-0.241574,0.342208,-0.745628,
-0.239156,0.353676,-0.746881,
-0.236738,0.365145,-0.748133,
-0.23432,0.376613,-0.749386,
-0.231902,0.388081,-0.750638,
-0.229483,0.39955,-0.75189,
-0.227065,0.411018,-0.753143,
-0.224647,0.422486,-0.754395,
-0.222229,0.433955,-0.755648,
-0.21981,0.445423,-0.7569,
-0.217392,0.456891,-0.758153,
-0.214974,0.46836,-0.759405,
-0.212556,0.479828,-0.760658,
-0.210138,0.491297,-0.76191,
-0.207719,0.502765,-0.763162,
-0.207719,0.502765,-0.763162,
-0.207892,0.503391,-0.763293,
-0.208064,0.504017,-0.763423,
-0.208237,0.504642,-0.763554,
-0.208409,0.505268,-0.763684,
-0.208582,0.505894,-0.763815,
-0.208754,0.50652,-0.763945,
-0.208926,0.507146,-0.764076,
-0.209099,0.507772,-0.764206,
-0.209271,0.508398,-0.764337,
-0.209444,0.509023,-0.764467,
-0.209616,0.509649,-0.764598,
-0.209789,0.510275,-0.764728,
-0.209961,0.510901,-0.764859,
-0.210134,0.511527,-0.764989,
-0.210306,0.512153,-0.76512,
-0.210478,0.512779,-0.76525,
-0.210651,0.513404,-0.765381,
-0.210823,0.51403,-0.765511,
-0.210996,0.514656,-0.765642,
-0.211168,0.515282,-0.765772,
-0.211341,0.515908,-0.765903,
-0.211513,0.516534,-0.766033,
-0.211686,0.517159,-0.766164,
-0.211858,0.517785,-0.766294,
-0.21203,0.518411,-0.766425,
-0.212203,0.519037,-0.766555,
-0.212375,0.519663,-0.766686,
-0.212548,0.520289,-0.766816,
-0.21272,0.520915,-0.766947,
-0.212893,0.52154,-0.767077,
-0.213065,0.522166,-0.767208,
-0.213238,0.522792,-0.767338,
-0.21341,0.523418,-0.767469,
-0.213582,0.524044,-0.767599,
-0.213755,0.52467,-0.76773,
-0.213927,0.525295,-0.76786,
-0.2141,0.525921,-0.767991,
-0.214272,0.526547,-0.768121,
-0.214445,0.527173,-0.768252,
-0.214617,0.527799,-0.768382,
-0.21479,0.528425,-0.768513,
-0.214962,0.529051,-0.768643,
-0.215134,0.529676,-0.768774,
-0.215307,0.530302,-0.768904,
-0.215479,0.530928,-0.769035,
-0.215652,0.531554,-0.769165,
-0.215824,0.53218,-0.769296,
-0.215997,0.532806,-0.769426,
-0.216169,0.533432,-0.769557,
-0.216342,0.534057,-0.769687,
-0.216514,0.534683,-0.769818,
-0.216686,0.535309,-0.769948,
-0.216859,0.535935,-0.770079,
-0.217031,0.536561,-0.770209,
-0.217204,0.537187,-0.77034,
-0.217376,0.537812,-0.77047,
-0.217549,0.538438,-0.770601,
-0.217721,0.539064,-0.770731,
-0.217894,0.53969,-0.770861,
-0.218066,0.540316,-0.770992,
-0.218238,0.540942,-0.771122,
-0.218411,0.541568,-0.771253,
-0.218583,0.542193,-0.771383,
-0.218756,0.542819,-0.771514,
-0.218928,0.543445,-0.771644,
-0.219101,0.544071,-0.771775,
-0.219273,0.544697,-0.771905,
-0.219446,0.545323,-0.772036,
-0.219618,0.545949,-0.772166,
-0.21979,0.546574,-0.772297,
-0.219963,0.5472,-0.772427,
-0.220135,0.547826,-0.772558,
-0.220308,0.548452,-0.772688,
-0.22048,0.549078,-0.772819,
-0.220653,0.549704,-0.772949,
-0.220825,0.550329,-0.77308,
-0.220998,0.550955,-0.77321,
-0.22117,0.551581,-0.773341,
-0.221342,0.552207,-0.773471,
-0.221515,0.552833,-0.773602,
-0.221687,0.553459,-0.773732,
-0.22186,0.554085,-0.773863,
-0.222032,0.55471,-0.773993,
-0.222205,0.555336,-0.774124,
-0.222377,0.555962,-0.774254,
-0.22255,0.556588,-0.774385,
-0.222722,0.557214,-0.774515,
-0.222894,0.55784,-0.774646,
-0.223067,0.558465,-0.774776,
-0.223239,0.559091,-0.774907,
-0.223412,0.559717,-0.775037,
-0.223584,0.560343,-0.775168,
-0.223757,0.560969,-0.775298,
-0.223929,0.561595,-0.775429,
-0.224102,0.562221,-0.775559,
-0.224274,0.562846,-0.77569,
-0.224446,0.563472,-0.77582,
-0.224619,0.564098,-0.775951,
-0.224791,0.564724,-0.776081,
-0.224964,0.56535,-0.776212,
-0.225252,0.56542,-0.776254,
-0.22554,0.565489,-0.776297,
-0.225828,0.565559,-0.776339,
-0.226116,0.565629,-0.776382,
-0.226404,0.565699,-0.776425,
-0.226692,0.565768,-0.776467,
-0.22698,0.565838,-0.77651,
-0.227268,0.565908,-0.776552,
-0.227556,0.565977,-0.776595,
-0.227844,0.566047,-0.776637,
-0.228132,0.566117,-0.77668,
-0.22842,0.566187,-0.776723,
-0.228708,0.566256,-0.776765,
-0.228997,0.566326,-0.776808,
-0.229285,0.566396,-0.77685,
-0.229573,0.566466,-0.776893,
-0.229861,0.566535,-0.776935,
-0.230149,0.566605,-0.776978,
-0.230437,0.566675,-0.777021,
-0.230725,0.566745,-0.777063,
-0.231013,0.566814,-0.777106,
-0.231301,0.566884,-0.777148,
-0.231589,0.566954,-0.777191,
-0.231877,0.567024,-0.777233,
-0.232165,0.567093,-0.777276,
-0.232453,0.567163,-0.777319,
-0.232741,0.567233,-0.777361,
-0.233029,0.567303,-0.777404,
-0.233317,0.567372,-0.777446,
-0.233606,0.567442,-0.777489,
-0.233894,0.567512,-0.777531,
-0.234182,0.567581,-0.777574,
-0.23447,0.567651,-0.777617,
-0.234758,0.567721,-0.777659,
-0.235046,0.567791,-0.777702,
-0.235334,0.56786,-0.777744,
-0.235622,0.56793,-0.777787,
-0.23591,0.568,-0.777829,
-0.236198,0.56807,-0.777872,
-0.236486,0.568139,-0.777915,
-0.236774,0.568209,-0.777957,
-0.237062,0.568279,-0.778,
-0.23735,0.568349,-0.778042,
-0.237638,0.568418,-0.778085,
-0.237926,0.568488,-0.778127,
-0.238214,0.568558,-0.77817,
-0.238503,0.568628,-0.778213,
-0.238791,0.568697,-0.778255,
-0.239079,0.568767,-0.778298,
-0.239367,0.568837,-0.77834,
-0.239655,0.568906,-0.778383,
-0.239943,0.568976,-0.778425,
-0.240231,0.569046,-0.778468,
-0.240519,0.569116,-0.778511,
-0.240807,0.569185,-0.778553,
-0.241095,0.569255,-0.778596,
-0.241383,0.569325,-0.778638,
-0.241671,0.569395,-0.778681,
-0.241959,0.569464,-0.778723,
-0.242247,0.569534,-0.778766,
-0.242535,0.569604,-0.778809,
-0.242823,0.569674,-0.778851,
-0.243111,0.569743,-0.778894,
-0.2434,0.569813,-0.778936,
-0.243688,0.569883,-0.778979,
-0.243976,0.569953,-0.779021,
-0.244264,0.570022,-0.779064,
-0.244552,0.570092,-0.779107,
-0.24484,0.570162,-0.779149,
-0.245128,0.570232,-0.779192,
-0.245416,0.570301,-0.779234,
-0.245704,0.570371,-0.779277,
-0.245992,0.570441,-0.779319,
-0.24628,0.57051,-0.779362,
-0.246568,0.57058,-0.779404,
-0.246856,0.57065,-0.779447,
-0.247144,0.57072,-0.77949,
-0.247432,0.570789,-0.779532,
-0.24772,0.570859,-0.779575,
-0.248008,0.570929,-0.779617,
-0.248297,0.570999,-0.77966,
-0.248585,0.571068,-0.779702,
-0.248873,0.571138,-0.779745,
-0.249161,0.571208,-0.779788,
-0.249449,0.571278,-0.77983,
-0.249737,0.571347,-0.779873,
-0.250025,0.571417,-0.779915,
-0.250313,0.571487,-0.779958,
-0.250601,0.571557,-0.78,
-0.250889,0.571626,-0.780043,
-0.251177,0.571696,-0.780086,
-0.251465,0.571766,-0.780128,
-0.251753,0.571836,-0.780171,
-0.252041,0.571905,-0.780213,
-0.252329,0.571975,-0.780256,
-0.252617,0.572045,-0.780298,
-0.252906,0.572114,-0.780341,
-0.253194,0.572184,-0.780384,
-0.253482,0.572254,-0.780426,
-0.25377,0.572324,-0.780469,
-0.25377,0.572324,-0.780469,
-0.253579,0.572085,-0.780503,
-0.253389,0.571847,-0.780538,
-0.253198,0.571609,-0.780573,
-0.253008,0.57137,-0.780608,
-0.252817,0.571132,-0.780642,
-0.252627,0.570894,-0.780677,
-0.252436,0.570655,-0.780712,
-0.252245,0.570417,-0.780746,
-0.252055,0.570179,-0.780781,
-0.251864,0.56994,-0.780816,
-0.251674,0.569702,-0.78085,
-0.251483,0.569464,-0.780885,
-0.251293,0.569225,-0.78092,
-0.251102,0.568987,-0.780955,
-0.250912,0.568749,-0.780989,
-0.250721,0.56851,-0.781024,
-0.250531,0.568272,-0.781059,
-0.25034,0.568034,-0.781093,
-0.25015,0.567795,-0.781128,
-0.249959,0.567557,-0.781163,
-0.249769,0.567319,-0.781197,
-0.249578,0.56708,-0.781232,
-0.249388,0.566842,-0.781267,
-0.249197,0.566604,-0.781302,
-0.249007,0.566365,-0.781336,
-0.248816,0.566127,-0.781371,
-0.248626,0.565889,-0.781406,
-0.248435,0.56565,-0.78144,
-0.248244,0.565412,-0.781475,
-0.248054,0.565174,-0.78151,
-0.247863,0.564935,-0.781544,
-0.247673,0.564697,-0.781579,
-0.247482,0.564459,-0.781614,
-0.247292,0.56422,-0.781648,
-0.247101,0.563982,-0.781683,
-0.246911,0.563744,-0.781718,
-0.24672,0.563505,-0.781753,
-0.24653,0.563267,-0.781787,
-0.246339,0.563029,-0.781822,
-0.246149,0.56279,-0.781857,
-0.245958,0.562552,-0.781891,
-0.245768,0.562314,-0.781926,
-0.245577,0.562075,-0.781961,
-0.245387,0.561837,-0.781995,
-0.245196,0.561599,-0.78203,
-0.245006,0.56136,-0.782065,
-0.244815,0.561122,-0.7821,
-0.244625,0.560884,-0.782134,
-0.244434,0.560645,-0.782169,
-0.244243,0.560407,-0.782204,
-0.244053,0.560169,-0.782238,
-0.243862,0.55993,-0.782273,
-0.243672,0.559692,-0.782308,
-0.243481,0.559454,-0.782342,
-0.243291,0.559215,-0.782377,
-0.2431,0.558977,-0.782412,
-0.24291,0.558739,-0.782447,
-0.242719,0.5585,-0.782481,
-0.242529,0.558262,-0.782516,
-0.242338,0.558024,-0.782551,
-0.242148,0.557785,-0.782585,
-0.241957,0.557547,-0.78262,
-0.241767,0.557309,-0.782655,
-0.241576,0.55707,-0.782689,
-0.241386,0.556832,-0.782724,
-0.241195,0.556594,-0.782759,
-0.241005,0.556355,-0.782794,
-0.240814,0.556117,-0.782828,
-0.240624,0.555879,-0.782863,
-0.240433,0.55564,-0.782898,
-0.240242,0.555402,-0.782932,
-0.240052,0.555164,-0.782967,
-0.239861,0.554925,-0.783002,
-0.239671,0.554687,-0.783036,
-0.23948,0.554449,-0.783071,
-0.23929,0.55421,-0.783106,
-0.239099,0.553972,-0.783141,
-0.238909,0.553734,-0.783175,
-0.238718,0.553495,-0.78321,
-0.238528,0.553257,-0.783245,
-0.238337,0.553019,-0.783279,
-0.238147,0.55278,-0.783314,
-0.237956,0.552542,-0.783349,
-0.237766,0.552304,-0.783383,
-0.237575,0.552065,-0.783418,
-0.237385,0.551827,-0.783453,
-0.237194,0.551589,-0.783488,
-0.237004,0.55135,-0.783522,
-0.236813,0.551112,-0.783557,
-0.236623,0.550874,-0.783592,
-0.236432,0.550635,-0.783626,
-0.236241,0.550397,-0.783661,
-0.236051,0.550159,-0.783696,
-0.23586,0.54992,-0.78373,
-0.23567,0.549682,-0.783765,
-0.235479,0.549444,-0.7838,
-0.235289,0.549205,-0.783834,
-0.235098,0.548967,-0.783869,
-0.234908,0.548729,-0.783904,
-0.234717,0.54849,-0.783939,
-0.234717,0.54849,-0.783939,
-0.234539,0.548028,-0.783996,
-0.23436,0.547566,-0.784053,
-0.234182,0.547104,-0.78411,
-0.234003,0.546641,-0.784168,
-0.233824,0.546179,-0.784225,
-0.233646,0.545717,-0.784282,
-0.233467,0.545254,-0.784339,
-0.233289,0.544792,-0.784397,
-0.23311,0.54433,-0.784454,
-0.232931,0.543868,-0.784511,
-0.232753,0.543405,-0.784568,
-0.232574,0.542943,-0.784626,
-0.232396,0.542481,-0.784683,
-0.232217,0.542019,-0.78474,
-0.232038,0.541556,-0.784797,
-0.23186,0.541094,-0.784855,
-0.231681,0.540632,-0.784912,
-0.231503,0.54017,-0.784969,
-0.231324,0.539707,-0.785026,
-0.231145,0.539245,-0.785083,
-0.230967,0.538783,-0.785141,
-0.230788,0.538321,-0.785198,
-0.23061,0.537858,-0.785255,
-0.230431,0.537396,-0.785312,
-0.230253,0.536934,-0.78537,
-0.230074,0.536472,-0.785427,
-0.229895,0.536009,-0.785484,
-0.229717,0.535547,-0.785541,
-0.229538,0.535085,-0.785599,
-0.22936,0.534623,-0.785656,
-0.229181,0.53416,-0.785713,
-0.229002,0.533698,-0.78577,
-0.228824,0.533236,-0.785828,
-0.228645,0.532774,-0.785885,
-0.228467,0.532311,-0.785942,
-0.228288,0.531849,-0.785999,
-0.228109,0.531387,-0.786057,
-0.227931,0.530924,-0.786114,
-0.227752,0.530462,-0.786171,
-0.227574,0.53,-0.786228,
-0.227395,0.529538,-0.786286,
-0.227216,0.529075,-0.786343,
-0.227038,0.528613,-0.7864,
-0.226859,0.528151,-0.786457,
-0.226681,0.527689,-0.786515,
-0.226502,0.527226,-0.786572,
-0.226324,0.526764,-0.786629,
-0.226145,0.526302,-0.786686,
-0.225966,0.52584,-0.786744,
-0.225788,0.525377,-0.786801,
-0.225609,0.524915,-0.786858,
-0.225431,0.524453,-0.786915,
-0.225252,0.523991,-0.786973,
-0.225073,0.523528,-0.78703,
-0.224895,0.523066,-0.787087,
-0.224716,0.522604,-0.787144,
-0.224538,0.522142,-0.787202,
-0.224359,0.521679,-0.787259,
-0.22418,0.521217,-0.787316,
-0.224002,0.520755,-0.787373,
-0.223823,0.520293,-0.787431,
-0.223645,0.51983,-0.787488,
-0.223466,0.519368,-0.787545,
-0.223288,0.518906,-0.787602,
-0.223109,0.518443,-0.78766,
-0.22293,0.517981,-0.787717,
-0.222752,0.517519,-0.787774,
-0.222573,0.517057,-0.787831,
-0.222395,0.516594,-0.787889,
-0.222216,0.516132,-0.787946,
-0.222037,0.51567,-0.788003,
-0.221859,0.515208,-0.78806,
-0.22168,0.514745,-0.788118,
-0.221502,0.514283,-0.788175,
-0.221323,0.513821,-0.788232,
-0.221144,0.513359,-0.788289,
-0.220966,0.512896,-0.788347,
-0.220787,0.512434,-0.788404,
-0.220609,0.511972,-0.788461,
-0.22043,0.51151,-0.788518,
-0.220251,0.511047,-0.788575,
-0.220073,0.510585,-0.788633,
-0.219894,0.510123,-0.78869,
-0.219716,0.509661,-0.788747,
-0.219537,0.509198,-0.788804,
-0.219359,0.508736,-0.788862,
-0.21918,0.508274,-0.788919,
-0.219001,0.507812,-0.788976,
-0.218823,0.507349,-0.789033,
-0.218644,0.506887,-0.789091,
-0.218466,0.506425,-0.789148,
-0.218287,0.505963,-0.789205,
-0.218108,0.5055,-0.789262,
-0.21793,0.505038,-0.78932,
-0.217751,0.504576,-0.789377,
-0.217573,0.504113,-0.789434,
-0.217394,0.503651,-0.789491,
-0.217215,0.503189,-0.789549,
-0.217037,0.502727,-0.789606,
-0.216858,0.502264,-0.789663,
-0.216858,0.502264,-0.789663,
-0.216047,0.501334,-0.789737,
-0.215235,0.500404,-0.789811,
-0.214424,0.499474,-0.789884,
-0.213612,0.498543,-0.789958,
-0.212801,0.497613,-0.790032,
-0.21199,0.496683,-0.790106,
-0.211178,0.495753,-0.790179,
-0.210367,0.494822,-0.790253,
-0.209555,0.493892,-0.790327,
-0.208744,0.492962,-0.7904,
-0.207932,0.492032,-0.790474,
-0.207121,0.491101,-0.790548,
-0.20631,0.490171,-0.790622,
-0.205498,0.489241,-0.790695,
-0.204687,0.488311,-0.790769,
-0.203875,0.48738,-0.790843,
-0.203064,0.48645,-0.790917,
-0.202252,0.48552,-0.79099,
-0.201441,0.48459,-0.791064,
-0.200629,0.483659,-0.791138,
-0.199818,0.482729,-0.791211,
-0.199007,0.481799,-0.791285,
-0.198195,0.480869,-0.791359,
-0.197384,0.479938,-0.791433,
-0.196572,0.479008,-0.791506,
-0.195761,0.478078,-0.79158,
-0.194949,0.477148,-0.791654,
-0.194138,0.476217,-0.791728,
-0.193327,0.475287,-0.791801,
-0.192515,0.474357,-0.791875,
-0.191704,0.473427,-0.791949,
-0.190892,0.472496,-0.792023,
-0.190081,0.471566,-0.792096,
-0.189269,0.470636,-0.79217,
-0.188458,0.469706,-0.792244,
-0.187646,0.468775,-0.792317,
-0.186835,0.467845,-0.792391,
-0.186024,0.466915,-0.792465,
-0.185212,0.465985,-0.792539,
-0.184401,0.465054,-0.792612,
-0.183589,0.464124,-0.792686,
-0.182778,0.463194,-0.79276,
-0.181966,0.462264,-0.792834,
-0.181155,0.461333,-0.792907,
-0.180343,0.460403,-0.792981,
-0.179532,0.459473,-0.793055,
-0.178721,0.458543,-0.793128,
-0.177909,0.457612,-0.793202,
-0.177098,0.456682,-0.793276,
-0.176286,0.455752,-0.79335,
-0.175475,0.454822,-0.793423,
-0.174663,0.453891,-0.793497,
-0.173852,0.452961,-0.793571,
-0.173041,0.452031,-0.793645,
-0.172229,0.451101,-0.793718,
-0.171418,0.450171,-0.793792,
-0.170606,0.44924,-0.793866,
-0.169795,0.44831,-0.793939,
-0.168983,0.44738,-0.794013,
-0.168172,0.44645,-0.794087,
-0.16736,0.445519,-0.794161,
-0.166549,0.444589,-0.794234,
-0.165738,0.443659,-0.794308,
-0.164926,0.442729,-0.794382,
-0.164115,0.441798,-0.794456,
-0.163303,0.440868,-0.794529,
-0.162492,0.439938,-0.794603,
-0.16168,0.439008,-0.794677,
-0.160869,0.438077,-0.794751,
-0.160058,0.437147,-0.794824,
-0.159246,0.436217,-0.794898,
-0.158435,0.435287,-0.794972,
-0.157623,0.434356,-0.795045,
-0.156812,0.433426,-0.795119,
-0.156,0.432496,-0.795193,
-0.155189,0.431566,-0.795267,
-0.154377,0.430635,-0.79534,
-0.153566,0.429705,-0.795414,
-0.152755,0.428775,-0.795488,
-0.151943,0.427845,-0.795562,
-0.151132,0.426914,-0.795635,
-0.15032,0.425984,-0.795709,
-0.149509,0.425054,-0.795783,
-0.148697,0.424124,-0.795856,
-0.147886,0.423193,-0.79593,
-0.147074,0.422263,-0.796004,
-0.146263,0.421333,-0.796078,
-0.145452,0.420403,-0.796151,
-0.14464,0.419472,-0.796225,
-0.143829,0.418542,-0.796299,
-0.143017,0.417612,-0.796373,
-0.142206,0.416682,-0.796446,
-0.141394,0.415751,-0.79652,
-0.140583,0.414821,-0.796594,
-0.139772,0.413891,-0.796667,
-0.13896,0.412961,-0.796741,
-0.138149,0.41203,-0.796815,
-0.137337,0.4111,-0.796889,
-0.136526,0.41017,-0.796962,
-0.135714,0.40924,-0.797036,
-0.12603,0.397723,-0.79128,
-0.116346,0.386206,-0.785525,
-0.106662,0.374689,-0.779769,
-0.0969785,0.363172,-0.774013,
-0.0872945,0.351655,-0.768257,
-0.0776105,0.340139,-0.762501,
-0.0679265,0.328622,-0.756746,
-0.0582426,0.317105,-0.75099,
-0.0485586,0.305588,-0.745234,
-0.0388746,0.294071,-0.739478,
-0.0291906,0.282555,-0.733723,
-0.0195067,0.271038,-0.727967,
-0.00982269,0.259521,-0.722211,
-0.000138715,0.248004,-0.716455,
0.00954526,0.236487,-0.710699,
0.0192292,0.224971,-0.704944,
0.0289132,0.213454,-0.699188,
0.0385972,0.201937,-0.693432,
0.0482812,0.19042,-0.687676,
0.0579651,0.178903,-0.681921,
0.0676491,0.167387,-0.676165,
0.0773331,0.15587,-0.670409,
0.087017,0.144353,-0.664653,
0.096701,0.132836,-0.658897,
0.106385,0.121319,-0.653142,
0.116069,0.109802,-0.647386,
0.125753,0.0982857,-0.64163,
0.135437,0.0867689,-0.635874,
0.145121,0.0752521,-0.630119,
0.154805,0.0637352,-0.624363,
0.164489,0.0522184,-0.618607,
0.174173,0.0407016,-0.612851,
0.183857,0.0291848,-0.607095,
0.193541,0.017668,-0.60134,
0.203225,0.00615119,-0.595584,
0.212909,-0.00536562,-0.589828,
0.222593,-0.0168824,-0.584072,
0.232277,-0.0283992,-0.578317,
0.241961,-0.039916,-0.572561,
0.251645,-0.0514329,-0.566805,
0.261329,-0.0629497,-0.561049,
0.271013,-0.0744665,-0.555294,
0.280697,-0.0859833,-0.549538,
0.29038,-0.0975001,-0.543782,
0.300064,-0.109017,-0.538026,
0.309748,-0.120534,-0.53227,
0.319432,-0.132051,-0.526515,
0.329116,-0.143567,-0.520759,
0.3388,-0.155084,-0.515003,
0.348484,-0.166601,-0.509247,
0.358168,-0.178118,-0.503492,
0.367852,-0.189635,-0.497736,
0.377536,-0.201151,-0.49198,
0.38722,-0.212668,-0.486224,
0.396904,-0.224185,-0.480468,
0.406588,-0.235702,-0.474713,
0.416272,-0.247219,-0.468957,
0.425956,-0.258735,-0.463201,
0.43564,-0.270252,-0.457445,
0.445324,-0.281769,-0.45169,
0.455008,-0.293286,-0.445934,
0.464692,-0.304803,-0.440178,
0.474376,-0.316319,-0.434422,
0.48406,-0.327836,-0.428666,
0.493744,-0.339353,-0.422911,
0.503428,-0.35087,-0.417155,
0.513112,-0.362387,-0.411399,
0.522796,-0.373904,-0.405643,
0.53248,-0.38542,-0.399888,
0.542164,-0.396937,-0.394132,
0.551848,-0.408454,-0.388376,
0.561532,-0.419971,-0.38262,
0.571216,-0.431488,-0.376864,
0.5809,-0.443004,-0.371109,
0.590584,-0.454521,-0.365353,
0.600268,-0.466038,-0.359597,
0.609952,-0.477555,-0.353841,
0.619636,-0.489072,-0.348086,
0.62932,-0.500588,-0.34233,
0.639004,-0.512105,-0.336574,
0.648688,-0.523622,-0.330818,
0.658372,-0.535139,-0.325062,
0.668055,-0.546656,-0.319307,
0.677739,-0.558172,-0.313551,
0.687423,-0.569689,-0.307795,
0.697107,-0.581206,-0.302039,
0.706791,-0.592723,-0.296284,
0.716475,-0.60424,-0.290528,
0.726159,-0.615757,-0.284772,
0.735843,-0.627273,-0.279016,
0.745527,-0.63879,-0.27326,
0.755211,-0.650307,-0.267505,
0.764895,-0.661824,-0.261749,
0.774579,-0.673341,-0.255993,
0.784263,-0.684857,-0.250237,
0.793947,-0.696374,-0.244482,
0.803631,-0.707891,-0.238726,
0.813315,-0.719408,-0.23297,
0.822999,-0.730925,-0.227214,
0.832683,-0.742441,-0.221458,
0.832683,-0.742441,-0.221458,
0.828077,-0.733414,-0.227196,
0.823471,-0.724386,-0.232934,
0.818866,-0.715359,-0.238672,
0.81426,-0.706331,-0.24441,
0.809654,-0.697304,-0.250148,
0.805048,-0.688276,-0.255886,
0.800442,-0.679248,-0.261624,
0.795836,-0.670221,-0.267362,
0.79123,-0.661193,-0.2731,
0.786625,-0.652166,-0.278838,
0.782019,-0.643138,-0.284576,
0.777413,-0.634111,-0.290314,
0.772807,-0.625083,-0.296052,
0.768201,-0.616056,-0.30179,
0.763595,-0.607028,-0.307528,
0.75899,-0.598,-0.313266,
0.754384,-0.588973,-0.319004,
0.749778,-0.579945,-0.324741,
0.745172,-0.570918,-0.330479,
0.740566,-0.56189,-0.336217,
0.73596,-0.552863,-0.341955,
0.731355,-0.543835,-0.347693,
0.726749,-0.534807,-0.353431,
0.722143,-0.52578,-0.359169,
0.717537,-0.516752,-0.364907,
0.712931,-0.507725,-0.370645,
0.708325,-0.498697,-0.376383,
0.703719,-0.48967,-0.382121,
0.699114,-0.480642,-0.387859,
0.694508,-0.471614,-0.393597,
0.689902,-0.462587,-0.399335,
0.685296,-0.453559,-0.405073,
0.68069,-0.444532,-0.410811,
0.676084,-0.435504,-0.416549,
0.671479,-0.426477,-0.422287,
0.666873,-0.417449,-0.428024,
0.662267,-0.408421,-0.433762,
0.657661,-0.399394,-0.4395,
0.653055,-0.390366,-0.445238,
0.648449,-0.381339,-0.450976,
0.643844,-0.372311,-0.456714,
0.639238,-0.363284,-0.462452,
0.634632,-0.354256,-0.46819,
0.630026,-0.345228,-0.473928,
0.62542,-0.336201,-0.479666,
0.620814,-0.327173,-0.485404,
0.616208,-0.318146,-0.491142,
0.611603,-0.309118,-0.49688,
0.606997,-0.300091,-0.502618,
0.602391,-0.291063,-0.508356,
0.597785,-0.282036,-0.514094,
0.593179,-0.273008,-0.519832,
0.588573,-0.26398,-0.525569,
0.583968,-0.254953,-0.531307,
0.579362,-0.245925,-0.537045,
0.574756,-0.236898,-0.542783,
0.57015,-0.22787,-0.548521,
0.565544,-0.218843,-0.554259,
0.560938,-0.209815,-0.559997,
0.556333,-0.200787,-0.565735,
0.551727,-0.19176,-0.571473,
0.547121,-0.182732,-0.577211,
0.542515,-0.173705,-0.582949,
0.537909,-0.164677,-0.588687,
0.533303,-0.15565,-0.594425,
0.528697,-0.146622,-0.600163,
0.524092,-0.137594,-0.605901,
0.519486,-0.128567,-0.611639,
0.51488,-0.119539,-0.617377,
0.510274,-0.110512,-0.623115,
0.505668,-0.101484,-0.628852,
0.501062,-0.0924566,-0.63459,
0.496457,-0.083429,-0.640328,
0.491851,-0.0744015,-0.646066,
0.487245,-0.0653739,-0.651804,
0.482639,-0.0563463,-0.657542,
0.478033,-0.0473187,-0.66328,
0.473427,-0.0382912,-0.669018,
0.468822,-0.0292636,-0.674756,
0.464216,-0.020236,-0.680494,
0.45961,-0.0112085,-0.686232,
0.455004,-0.00218091,-0.69197,
0.450398,0.00684666,-0.697708,
0.445792,0.0158742,-0.703446,
0.441186,0.0249018,-0.709184,
0.436581,0.0339294,-0.714922,
0.431975,0.0429569,-0.72066,
0.427369,0.0519845,-0.726397,
0.422763,0.0610121,-0.732135,
0.418157,0.0700396,-0.737873,
0.413551,0.0790672,-0.743611,
0.408946,0.0880948,-0.749349,
0.40434,0.0971223,-0.755087,
0.399734,0.10615,-0.760825,
0.395128,0.115177,-0.766563,
0.390522,0.124205,-0.772301,
0.385916,0.133233,-0.778039,
0.381311,0.14226,-0.783777,
0.376705,0.151288,-0.789515,
0.372099,0.160315,-0.795253,
0.372099,0.160315,-0.795253,
0.377693,0.151182,-0.788972,
0.383287,0.142048,-0.782692,
0.388881,0.132915,-0.776412,
0.394475,0.123781,-0.770131,
0.400068,0.114648,-0.763851,
0.405662,0.105514,-0.757571,
0.411256,0.0963807,-0.751291,
0.41685,0.0872472,-0.74501,
0.422444,0.0781137,-0.73873,
0.428038,0.0689802,-0.73245,
0.433632,0.0598466,-0.726169,
0.439226,0.0507131,-0.719889,
0.44482,0.0415796,-0.713609,
0.450414,0.0324461,-0.707328,
0.456008,0.0233126,-0.701048,
0.461602,0.0141791,-0.694768,
0.467195,0.00504556,-0.688487,
0.472789,-0.00408796,-0.682207,
0.478383,-0.0132215,-0.675927,
0.483977,-0.022355,-0.669646,
0.489571,-0.0314885,-0.663366,
0.495165,-0.040622,-0.657086,
0.500759,-0.0497555,-0.650805,
0.506353,-0.058889,-0.644525,
0.511947,-0.0680226,-0.638245,
0.517541,-0.0771561,-0.631964,
0.523135,-0.0862896,-0.625684,
0.528729,-0.0954231,-0.619404,
0.534323,-0.104557,-0.613123,
0.539916,-0.11369,-0.606843,
0.54551,-0.122824,-0.600563,
0.551104,-0.131957,-0.594282,
