0.5,0,0.9,0,1,0,-1,0,0,0.95,-1,1,0,1,0.109412,-0.420006,0.0143395,-0.184486,-0.231071,0.0213283,-0.478393,0.109412,-0.420006,0.0143395,-0.184486,-0.231071,0.0213283,-0.478393,0.109412,-0.420006,0.0143395,-0.184486,-0.231071,0.0213283,-0.478393,0.109412,-0.420006,0.0143395,-0.184486,-0.231071,0.0213283,-0.478393,0.109412,-0.420006,0.0143395,-0.184486,-0.231071,0.0213283,-0.478393,-0.00151558,0.890658,-0.454649,0.00481367,0.454651,0.890646,-0.00151558,0.890658,-0.454649,0.00481367,0.454651,0.890646,-0.00151558,0.890658,-0.454649,0.00481367,0.454651,0.890646,-0.00151558,0.890658,-0.454649,0.00481367,0.454651,0.890646,-0.00151558,0.890658,-0.454649,0.00481367,0.454651,0.890646,1.12606e-17,0.891007,-0.45399,-1.54989e-17,0.45399,0.891007,1.12606e-17,0.891007,-0.45399,-1.54989e-17,0.45399,0.891007,1.12606e-17,0.891007,-0.45399,-1.54989e-17,0.45399,0.891007,1.12606e-17,0.891007,-0.45399,-1.54989e-17,0.45399,0.891007,1.12606e-17,0.891007,-0.45399,-1.54989e-17,0.45399,0.891007,0.351,0.113176,0.936773,0.351,0.113176,0.936773,0.351,0.113176,0.936773,0.351,0.113176,0.936773,0.351,0.113176,0.936773,0.351401,0.113674,0.935407,0.351401,0.113674,0.935407,0.351401,0.113674,0.935407,0.351401,0.113674,0.935407,0.351401,0.113674,0.935407,
0.5,0,0.9,0,1,0,-1,0,0,0.95,-1,1,0,1,0.0972561,-0.36244,0.0453428,-0.0154311,-0.216834,-0.223161,-0.424012,0.109412,-0.420006,0.0143395,-0.184486,-0.231071,0.0213283,-0.478393,0.109412,-0.420006,0.0143395,-0.184486,-0.231071,0.0213283,-0.478393,0.109412,-0.420006,0.0143395,-0.184486,-0.231071,0.0213283,-0.478393,0.109412,-0.420006,0.0143395,-0.184486,-0.231071,0.0213283,-0.478393,0.109851,0.952266,-0.284785,0.315814,0.23823,0.918416,-0.00151558,0.890658,-0.454649,0.00481367,0.454651,0.890646,-0.00151558,0.890658,-0.454649,0.00481367,0.454651,0.890646,-0.00151558,0.890658,-0.454649,0.00481367,0.454651,0.890646,-0.00151558,0.890658,-0.454649,0.00481367,0.454651,0.890646,1.2986e-17,0.919184,-0.393828,-1.91828e-17,0.393828,0.919184,1.12606e-17,0.891007,-0.45399,-1.54989e-17,0.45399,0.891007,1.12606e-17,0.891007,-0.45399,-1.54989e-17,0.45399,0.891007,1.12606e-17,0.891007,-0.45399,-1.54989e-17,0.45399,0.891007,1.12606e-17,0.891007,-0.45399,-1.54989e-17,0.45399,0.891007,0.351,0.110484,0.944206,0.351,0.113176,0.936773,0.351,0.113176,0.936773,0.351,0.113176,0.936773,0.351,0.113176,0.936773,0.349565,0.101301,0.92955,0.351401,0.113674,0.935407,0.351401,0.113674,0.935407,0.351401,0.113674,0.935407,0.351401,0.113674,0.935407,
0.5,0,0.9,0,1,0,-1,0,0,0.95,-1,1,0,1,0.0972545,-0.362415,0.0453354,-0.0154685,-0.216844,-0.223163,-0.424008,0.0972561,-0.36244,0.0453428,-0.0154311,-0.216834,-0.223161,-0.424012,0.109412,-0.420006,0.0143395,-0.184486,-0.231071,0.0213283,-0.478393,0.109412,-0.420006,0.0143395,-0.184486,-0.231071,0.0213283,-0.478393,0.109412,-0.420006,0.0143395,-0.184486,-0.231071,0.0213283,-0.478393,0.109869,0.952253,-0.284823,0.315908,0.238243,0.918381,0.109851,0.952266,-0.284785,0.315814,0.23823,0.918416,-0.00151558,0.890658,-0.454649,0.00481367,0.454651,0.890646,-0.00151558,0.890658,-0.454649,0.00481367,0.454651,0.890646,-0.00151558,0.890658,-0.454649,0.00481367,0.454651,0.890646,1.52606e-17,0.956331,-0.292285,-2.54005e-17,0.292285,0.956331,1.2986e-17,0.919184,-0.393828,-1.91828e-17,0.393828,0.919184,1.12606e-17,0.891007,-0.45399,-1.54989e-17,0.45399,0.891007,1.12606e-17,0.891007,-0.45399,-1.54989e-17,0.45399,0.891007,1.12606e-17,0.891007,-0.45399,-1.54989e-17,0.45399,0.891007,0.351,0.105066,0.955877,0.351,0.110484,0.944206,0.351,0.113176,0.936773,0.351,0.113176,0.936773,0.351,0.113176,0.936773,0.349611,0.101294,0.929508,0.349565,0.101301,0.92955,0.351401,0.113674,0.935407,0.351401,0.113674,0.935407,0.351401,0.113674,0.935407,
0.5,0,0.9,0,1,0,-1,0,0,0.95,-1,1,0,1,0.0972575,-0.362438,0.0453351,-0.015467,-0.216844,-0.223162,-0.424009,0.0972545,-0.362415,0.0453354,-0.0154685,-0.216844,-0.223163,-0.424008,0.0972561,-0.36244,0.0453428,-0.0154311,-0.216834,-0.223161,-0.424012,0.109412,-0.420006,0.0143395,-0.184486,-0.231071,0.0213283,-0.478393,0.109412,-0.420006,0.0143395,-0.184486,-0.231071,0.0213283,-0.478393,0.109873,0.952257,-0.284807,0.315865,0.238235,0.918397,0.109869,0.952253,-0.284823,0.315908,0.238243,0.918381,0.109851,0.952266,-0.284785,0.315814,0.23823,0.918416,-0.00151558,0.890658,-0.454649,0.00481367,0.454651,0.890646,-0.00151558,0.890658,-0.454649,0.00481367,0.454651,0.890646,1.65634e-17,0.977608,-0.210433,-3.04125e-17,0.210433,0.977608,1.52606e-17,0.956331,-0.292285,-2.54005e-17,0.292285,0.956331,1.2986e-17,0.919184,-0.393828,-1.91828e-17,0.393828,0.919184,1.12606e-17,0.891007,-0.45399,-1.54989e-17,0.45399,0.891007,1.12606e-17,0.891007,-0.45399,-1.54989e-17,0.45399,0.891007,0.351,0.0999686,0.964554,0.351,0.105066,0.955877,0.351,0.110484,0.944206,0.351,0.113176,0.936773,0.351,0.113176,0.936773,0.349586,0.101289,0.929525,0.349611,0.101294,0.929508,0.349565,0.101301,0.92955,0.351401,0.113674,0.935407,0.351401,0.113674,0.935407,
0.5,0,0.9,0,1,0,-1,0,0,0.95,-1,1,0,1,0.0972576,-0.362436,0.0453295,-0.0154801,-0.216844,-0.223162,-0.424008,0.0972575,-0.362438,0.0453351,-0.015467,-0.216844,-0.223162,-0.424009,0.0972545,-0.362415,0.0453354,-0.0154685,-0.216844,-0.223163,-0.424008,0.0972561,-0.36244,0.0453428,-0.0154311,-0.216834,-0.223161,-0.424012,0.109412,-0.420006,0.0143395,-0.184486,-0.231071,0.0213283,-0.478393,0.109881,0.952256,-0.284808,0.315892,0.238228,0.91839,0.109873,0.952257,-0.284807,0.315865,0.238235,0.918397,0.109869,0.952253,-0.284823,0.315908,0.238243,0.918381,0.109851,0.952266,-0.284785,0.315814,0.23823,0.918416,-0.00151558,0.890658,-0.454649,0.00481367,0.454651,0.890646,1.74383e-17,0.991895,-0.12706,-3.55176e-17,0.12706,0.991895,1.65634e-17,0.977608,-0.210433,-3.04125e-17,0.210433,0.977608,1.52606e-17,0.956331,-0.292285,-2.54005e-17,0.292285,0.956331,1.2986e-17,0.919184,-0.393828,-1.91828e-17,0.393828,0.919184,1.12606e-17,0.891007,-0.45399,-1.54989e-17,0.45399,0.891007,0.351,0.0941552,0.972772,0.351,0.0999686,0.964554,0.351,0.105066,0.955877,0.351,0.110484,0.944206,0.351,0.113176,0.936773,0.349596,0.101281,0.929514,0.349586,0.101289,0.929525,0.349611,0.101294,0.929508,0.349565,0.101301,0.92955,0.351401,0.113674,0.935407,
0.5,0,0.9,0,1,0,-1,0,0,0.95,-1,1,0,1,0.0972589,-0.362426,0.0453307,-0.0154828,-0.216845,-0.223162,-0.424008,0.0972576,-0.362436,0.0453295,-0.0154801,-0.216844,-0.223162,-0.424008,0.0972575,-0.362438,0.0453351,-0.015467,-0.216844,-0.223162,-0.424009,0.0972545,-0.362415,0.0453354,-0.0154685,-0.216844,-0.223163,-0.424008,0.0972561,-0.36244,0.0453428,-0.0154311,-0.216834,-0.223161,-0.424012,0.10987,0.952254,-0.284818,0.315908,0.238238,0.918382,0.109881,0.952256,-0.284808,0.315892,0.238228,0.91839,0.109873,0.952257,-0.284807,0.315865,0.238235,0.918397,0.109869,0.952253,-0.284823,0.315908,0.238243,0.918381,0.109851,0.952266,-0.284785,0.315814,0.23823,0.918416,1.78785e-17,0.999084,-0.0427875,-4.06778e-17,0.0427875,0.999084,1.74383e-17,0.991895,-0.12706,-3.55176e-17,0.12706,0.991895,1.65634e-17,0.977608,-0.210433,-3.04125e-17,0.210433,0.977608,1.52606e-17,0.956331,-0.292285,-2.54005e-17,0.292285,0.956331,1.2986e-17,0.919184,-0.393828,-1.91828e-17,0.393828,0.919184,0.351,0.087669,0.980468,0.351,0.0941552,0.972772,0.351,0.0999686,0.964554,0.351,0.105066,0.955877,0.351,0.110484,0.944206,0.349607,0.101288,0.929506,0.349596,0.101281,0.929514,0.349586,0.101289,0.929525,0.349611,0.101294,0.929508,0.349565,0.101301,0.92955,
0.5,0,0.9,0,1,0,-1,0,0,0.95,-1,1,0,1,0.0972603,-0.362431,0.0453368,-0.0154804,-0.216845,-0.223161,-0.424009,0.0972589,-0.362426,0.0453307,-0.0154828,-0.216845,-0.223162,-0.424008,0.0972576,-0.362436,0.0453295,-0.0154801,-0.216844,-0.223162,-0.424008,0.0972575,-0.362438,0.0453351,-0.015467,-0.216844,-0.223162,-0.424009,0.0972545,-0.362415,0.0453354,-0.0154685,-0.216844,-0.223163,-0.424008,0.109856,0.952254,-0.284825,0.315889,0.238252,0.918385,0.10987,0.952254,-0.284818,0.315908,0.238238,0.918382,0.109881,0.952256,-0.284808,0.315892,0.238228,0.91839,0.109873,0.952257,-0.284807,0.315865,0.238235,0.918397,0.109869,0.952253,-0.284823,0.315908,0.238243,0.918381,1.78831e-17,0.999159,0.0409991,-4.58083e-17,-0.0409991,0.999159,1.78785e-17,0.999084,-0.0427875,-4.06778e-17,0.0427875,0.999084,1.74383e-17,0.991895,-0.12706,-3.55176e-17,0.12706,0.991895,1.65634e-17,0.977608,-0.210433,-3.04125e-17,0.210433,0.977608,1.52606e-17,0.956331,-0.292285,-2.54005e-17,0.292285,0.956331,0.351,0.0806251,0.987525,0.351,0.087669,0.980468,0.351,0.0941552,0.972772,0.351,0.0999686,0.964554,0.351,0.105066,0.955877,0.349596,0.101298,0.929512,0.349607,0.101288,0.929506,0.349596,0.101281,0.929514,0.349586,0.101289,0.929525,0.349611,0.101294,0.929508,
0.5,0,0.9,0,1,0,-1,0,0,0.95,-1,1,0,1,0.097257,-0.362425,0.0453365,-0.0154818,-0.216846,-0.223161,-0.424009,0.0972603,-0.362431,0.0453368,-0.0154804,-0.216845,-0.223161,-0.424009,0.0972589,-0.362426,0.0453307,-0.0154828,-0.216845,-0.223162,-0.424008,0.0972576,-0.362436,0.0453295,-0.0154801,-0.216844,-0.223162,-0.424008,0.0972575,-0.362438,0.0453351,-0.015467,-0.216844,-0.223162,-0.424009,0.109864,0.952251,-0.284832,0.315901,0.238255,0.91838,0.109856,0.952254,-0.284825,0.315889,0.238252,0.918385,0.10987,0.952254,-0.284818,0.315908,0.238238,0.918382,0.109881,0.952256,-0.284808,0.315892,0.238228,0.91839,0.109873,0.952257,-0.284807,0.315865,0.238235,0.918397,1.74526e-17,0.992129,0.125223,-5.09655e-17,-0.125223,0.992129,1.78831e-17,0.999159,0.0409991,-4.58083e-17,-0.0409991,0.999159,1.78785e-17,0.999084,-0.0427875,-4.06778e-17,0.0427875,0.999084,1.74383e-17,0.991895,-0.12706,-3.55176e-17,0.12706,0.991895,1.65634e-17,0.977608,-0.210433,-3.04125e-17,0.210433,0.977608,0.351,0.0729464,0.99402,0.351,0.0806251,0.987525,0.351,0.087669,0.980468,0.351,0.0941552,0.972772,0.351,0.0999686,0.964554,0.349605,0.101296,0.929507,0.349596,0.101298,0.929512,0.349607,0.101288,0.929506,0.349596,0.101281,0.929514,0.349586,0.101289,0.929525,
0.5,0,0.9,0,1,0,-1,0,0,0.95,-1,1,0,1,0.097263,-0.362423,0.0453443,-0.0154855,-0.216846,-0.223161,-0.424007,0.097257,-0.362425,0.0453365,-0.0154818,-0.216846,-0.223161,-0.424009,0.0972603,-0.362431,0.0453368,-0.0154804,-0.216845,-0.223161,-0.424009,0.0972589,-0.362426,0.0453307,-0.0154828,-0.216845,-0.223162,-0.424008,0.0972576,-0.362436,0.0453295,-0.0154801,-0.216844,-0.223162,-0.424008,0.109831,0.952252,-0.284842,0.315897,0.238274,0.918376,0.109864,0.952251,-0.284832,0.315901,0.238255,0.91838,0.109856,0.952254,-0.284825,0.315889,0.238252,0.918385,0.10987,0.952254,-0.284818,0.315908,0.238238,0.918382,0.109881,0.952256,-0.284808,0.315892,0.238228,0.91839,1.65872e-17,0.977996,0.208624,-5.60723e-17,-0.208624,0.977996,1.74526e-17,0.992129,0.125223,-5.09655e-17,-0.125223,0.992129,1.78831e-17,0.999159,0.0409991,-4.58083e-17,-0.0409991,0.999159,1.78785e-17,0.999084,-0.0427875,-4.06778e-17,0.0427875,0.999084,1.74383e-17,0.991895,-0.12706,-3.55176e-17,0.12706,0.991895,0.351,0.0647394,0.999849,0.351,0.0729464,0.99402,0.351,0.0806251,0.987525,0.351,0.087669,0.980468,0.351,0.0941552,0.972772,0.349602,0.101317,0.929503,0.349605,0.101296,0.929507,0.349596,0.101298,0.929512,0.349607,0.101288,0.929506,0.349596,0.101281,0.929514,
0.5,0,0.9,0,1,0,-1,0,0,0.95,-1,1,0,1,0.0972562,-0.362432,0.0453318,-0.0154771,-0.216845,-0.22316,-0.424009,0.097263,-0.362423,0.0453443,-0.0154855,-0.216846,-0.223161,-0.424007,0.097257,-0.362425,0.0453365,-0.0154818,-0.216846,-0.223161,-0.424009,0.0972603,-0.362431,0.0453368,-0.0154804,-0.216845,-0.223161,-0.424009,0.0972589,-0.362426,0.0453307,-0.0154828,-0.216845,-0.223162,-0.424008,0.109878,0.952254,-0.284815,0.315889,0.238236,0.918389,0.109831,0.952252,-0.284842,0.315897,0.238274,0.918376,0.109864,0.952251,-0.284832,0.315901,0.238255,0.91838,0.109856,0.952254,-0.284825,0.315889,0.238252,0.918385,0.10987,0.952254,-0.284818,0.315908,0.238238,0.918382,1.52934e-17,0.956867,0.290526,-6.10874e-17,-0.290526,0.956867,1.65872e-17,0.977996,0.208624,-5.60723e-17,-0.208624,0.977996,1.74526e-17,0.992129,0.125223,-5.09655e-17,-0.125223,0.992129,1.78831e-17,0.999159,0.0409991,-4.58083e-17,-0.0409991,0.999159,1.78785e-17,0.999084,-0.0427875,-4.06778e-17,0.0427875,0.999084,0.351,0.0560697,1.00496,0.351,0.0647394,0.999849,0.351,0.0729464,0.99402,0.351,0.0806251,0.987525,0.351,0.087669,0.980468,0.349598,0.101285,0.929515,0.349602,0.101317,0.929503,0.349605,0.101296,0.929507,0.349596,0.101298,0.929512,0.349607,0.101288,0.929506,
0.5,0,0.9,0,1,0,-1,0,0,0.95,-1,1,0,1,0.0972596,-0.362423,0.0453378,-0.0154863,-0.216845,-0.223161,-0.424009,0.0972562,-0.362432,0.0453318,-0.0154771,-0.216845,-0.22316,-0.424009,0.097263,-0.362423,0.0453443,-0.0154855,-0.216846,-0.223161,-0.424007,0.097257,-0.362425,0.0453365,-0.0154818,-0.216846,-0.223161,-0.424009,0.0972603,-0.362431,0.0453368,-0.0154804,-0.216845,-0.223161,-0.424009,0.109852,0.952251,-0.284836,0.315908,0.23826,0.918376,0.109878,0.952254,-0.284815,0.315889,0.238236,0.918389,0.109831,0.952252,-0.284842,0.315897,0.238274,0.918376,0.109864,0.952251,-0.284832,0.315901,0.238255,0.91838,0.109856,0.952254,-0.284825,0.315889,0.238252,0.918385,1.35996e-17,0.929205,0.369565,-6.59271e-17,-0.369565,0.929205,1.52934e-17,0.956867,0.290526,-6.10874e-17,-0.290526,0.956867,1.65872e-17,0.977996,0.208624,-5.60723e-17,-0.208624,0.977996,1.74526e-17,0.992129,0.125223,-5.09655e-17,-0.125223,0.992129,1.78831e-17,0.999159,0.0409991,-4.58083e-17,-0.0409991,0.999159,0.351,0.0470913,1.00929,0.351,0.0560697,1.00496,0.351,0.0647394,0.999849,0.351,0.0729464,0.99402,0.351,0.0806251,0.987525,0.349607,0.101302,0.929502,0.349598,0.101285,0.929515,0.349602,0.101317,0.929503,0.349605,0.101296,0.929507,0.349596,0.101298,0.929512,
0.5,0,0.9,0,1,0,-1,0,0,0.95,-1,1,0,1,0.0972589,-0.362427,0.0453402,-0.0154824,-0.216845,-0.223161,-0.424009,0.0972596,-0.362423,0.0453378,-0.0154863,-0.216845,-0.223161,-0.424009,0.0972562,-0.362432,0.0453318,-0.0154771,-0.216845,-0.22316,-0.424009,0.097263,-0.362423,0.0453443,-0.0154855,-0.216846,-0.223161,-0.424007,0.097257,-0.362425,0.0453365,-0.0154818,-0.216846,-0.223161,-0.424009,0.109849,0.952252,-0.284835,0.315894,0.238262,0.91838,0.109852,0.952251,-0.284836,0.315908,0.23826,0.918376,0.109878,0.952254,-0.284815,0.315889,0.238236,0.918389,0.109831,0.952252,-0.284842,0.315897,0.238274,0.918376,0.109864,0.952251,-0.284832,0.315901,0.238255,0.91838,1.14839e-17,0.894652,0.446763,-7.06541e-17,-0.446763,0.894652,1.35996e-17,0.929205,0.369565,-6.59271e-17,-0.369565,0.929205,1.52934e-17,0.956867,0.290526,-6.10874e-17,-0.290526,0.956867,1.65872e-17,0.977996,0.208624,-5.60723e-17,-0.208624,0.977996,1.74526e-17,0.992129,0.125223,-5.09655e-17,-0.125223,0.992129,0.351,0.037688,1.01287,0.351,0.0470913,1.00929,0.351,0.0560697,1.00496,0.351,0.0647394,0.999849,0.351,0.0729464,0.99402,0.3496,0.101305,0.929508,0.349607,0.101302,0.929502,0.349598,0.101285,0.929515,0.349602,0.101317,0.929503,0.349605,0.101296,0.929507,
0.5,0,0.9,0,1,0,-1,0,0,0.95,-1,1,0,1,0.0972582,-0.362425,0.0453378,-0.0154823,-0.216845,-0.223162,-0.424007,0.0972589,-0.362427,0.0453402,-0.0154824,-0.216845,-0.223161,-0.424009,0.0972596,-0.362423,0.0453378,-0.0154863,-0.216845,-0.223161,-0.424009,0.0972562,-0.362432,0.0453318,-0.0154771,-0.216845,-0.22316,-0.424009,0.097263,-0.362423,0.0453443,-0.0154855,-0.216846,-0.223161,-0.424007,0.109858,0.952252,-0.284828,0.315902,0.238252,0.91838,0.109849,0.952252,-0.284835,0.315894,0.238262,0.91838,0.109852,0.952251,-0.284836,0.315908,0.23826,0.918376,0.109878,0.952254,-0.284815,0.315889,0.238236,0.918389,0.109831,0.952252,-0.284842,0.315897,0.238274,0.918376,8.9766e-18,0.853706,0.520756,-7.51849e-17,-0.520756,0.853706,1.14839e-17,0.894652,0.446763,-7.06541e-17,-0.446763,0.894652,1.35996e-17,0.929205,0.369565,-6.59271e-17,-0.369565,0.929205,1.52934e-17,0.956867,0.290526,-6.10874e-17,-0.290526,0.956867,1.65872e-17,0.977996,0.208624,-5.60723e-17,-0.208624,0.977996,0.351,0.0280163,1.01566,0.351,0.037688,1.01287,0.351,0.0470913,1.00929,0.351,0.0560697,1.00496,0.351,0.0647394,0.999849,0.349604,0.1013,0.929506,0.3496,0.101305,0.929508,0.349607,0.101302,0.929502,0.349598,0.101285,0.929515,0.349602,0.101317,0.929503,
0.5,0,0.9,0,1,0,-1,0,0,0.95,-1,1,0,1,0.0972589,-0.362424,0.0453393,-0.015485,-0.216846,-0.223161,-0.424008,0.0972582,-0.362425,0.0453378,-0.0154823,-0.216845,-0.223162,-0.424007,0.0972589,-0.362427,0.0453402,-0.0154824,-0.216845,-0.223161,-0.424009,0.0972596,-0.362423,0.0453378,-0.0154863,-0.216845,-0.223161,-0.424009,0.0972562,-0.362432,0.0453318,-0.0154771,-0.216845,-0.22316,-0.424009,0.109852,0.952251,-0.284835,0.315902,0.238261,0.918378,0.109858,0.952252,-0.284828,0.315902,0.238252,0.91838,0.109849,0.952252,-0.284835,0.315894,0.238262,0.91838,0.109852,0.952251,-0.284836,0.315908,0.23826,0.918376,0.109878,0.952254,-0.284815,0.315889,0.238236,0.918389,6.12556e-18,0.807145,0.590354,-7.94465e-17,-0.590354,0.807145,8.9766e-18,0.853706,0.520756,-7.51849e-17,-0.520756,0.853706,1.14839e-17,0.894652,0.446763,-7.06541e-17,-0.446763,0.894652,1.35996e-17,0.929205,0.369565,-6.59271e-17,-0.369565,0.929205,1.52934e-17,0.956867,0.290526,-6.10874e-17,-0.290526,0.956867,0.351,0.018242,1.01759,0.351,0.0280163,1.01566,0.351,0.037688,1.01287,0.351,0.0470913,1.00929,0.351,0.0560697,1.00496,0.349605,0.101304,0.929504,0.349604,0.1013,0.929506,0.3496,0.101305,0.929508,0.349607,0.101302,0.929502,0.349598,0.101285,0.929515,
0.5,0,0.9,0,1,0,-1,0,0,0.95,-1,1,0,1,0.0972589,-0.362427,0.0453392,-0.0154867,-0.216845,-0.22316,-0.424009,0.0972589,-0.362424,0.0453393,-0.015485,-0.216846,-0.223161,-0.424008,0.0972582,-0.362425,0.0453378,-0.0154823,-0.216845,-0.223162,-0.424007,0.0972589,-0.362427,0.0453402,-0.0154824,-0.216845,-0.223161,-0.424009,0.0972596,-0.362423,0.0453378,-0.0154863,-0.216845,-0.223161,-0.424009,0.10985,0.952251,-0.284837,0.315899,0.238263,0.918378,0.109852,0.952251,-0.284835,0.315902,0.238261,0.918378,0.109858,0.952252,-0.284828,0.315902,0.238252,0.91838,0.109849,0.952252,-0.284835,0.315894,0.238262,0.91838,0.109852,0.952251,-0.284836,0.315908,0.23826,0.918376,2.89364e-18,0.754363,0.656457,-8.34942e-17,-0.656457,0.754363,6.12556e-18,0.807145,0.590354,-7.94465e-17,-0.590354,0.807145,8.9766e-18,0.853706,0.520756,-7.51849e-17,-0.520756,0.853706,1.14839e-17,0.894652,0.446763,-7.06541e-17,-0.446763,0.894652,1.35996e-17,0.929205,0.369565,-6.59271e-17,-0.369565,0.929205,0.351,0.00823841,1.01871,0.351,0.018242,1.01759,0.351,0.0280163,1.01566,0.351,0.037688,1.01287,0.351,0.0470913,1.00929,0.349602,0.101303,0.929505,0.349605,0.101304,0.929504,0.349604,0.1013,0.929506,0.3496,0.101305,0.929508,0.349607,0.101302,0.929502,
0.5,0,0.9,0,1,0,-1,0,0,0.95,-1,1,0,1,0.0972596,-0.362427,0.0453364,-0.0154848,-0.216845,-0.223159,-0.424007,0.0972589,-0.362427,0.0453392,-0.0154867,-0.216845,-0.22316,-0.424009,0.0972589,-0.362424,0.0453393,-0.015485,-0.216846,-0.223161,-0.424008,0.0972582,-0.362425,0.0453378,-0.0154823,-0.216845,-0.223162,-0.424007,0.0972589,-0.362427,0.0453402,-0.0154824,-0.216845,-0.223161,-0.424009,0.109857,0.952253,-0.284826,0.315897,0.238251,0.918382,0.10985,0.952251,-0.284837,0.315899,0.238263,0.918378,0.109852,0.952251,-0.284835,0.315902,0.238261,0.918378,0.109858,0.952252,-0.284828,0.315902,0.238252,0.91838,0.109849,0.952252,-0.284835,0.315894,0.238262,0.91838,-6.6853e-19,0.696189,0.717859,-8.7254e-17,-0.717859,0.696189,2.89364e-18,0.754363,0.656457,-8.34942e-17,-0.656457,0.754363,6.12556e-18,0.807145,0.590354,-7.94465e-17,-0.590354,0.807145,8.9766e-18,0.853706,0.520756,-7.51849e-17,-0.520756,0.853706,1.14839e-17,0.894652,0.446763,-7.06541e-17,-0.446763,0.894652,0.351,-0.00182342,1.01899,0.351,0.00823841,1.01871,0.351,0.018242,1.01759,0.351,0.0280163,1.01566,0.351,0.037688,1.01287,0.349603,0.101299,0.929507,0.349602,0.101303,0.929505,0.349605,0.101304,0.929504,0.349604,0.1013,0.929506,0.3496,0.101305,0.929508,
0.5,0,0.9,0,1,0,-1,0,0,0.95,-1,1,0,1,0.0972589,-0.362425,0.0453385,-0.0154836,-0.216846,-0.22316,-0.424008,0.0972596,-0.362427,0.0453364,-0.0154848,-0.216845,-0.223159,-0.424007,0.0972589,-0.362427,0.0453392,-0.0154867,-0.216845,-0.22316,-0.424009,0.0972589,-0.362424,0.0453393,-0.015485,-0.216846,-0.223161,-0.424008,0.0972582,-0.362425,0.0453378,-0.0154823,-0.216845,-0.223162,-0.424007,0.109855,0.952251,-0.284833,0.315899,0.238258,0.91838,0.109857,0.952253,-0.284826,0.315897,0.238251,0.918382,0.10985,0.952251,-0.284837,0.315899,0.238263,0.918378,0.109852,0.952251,-0.284835,0.315902,0.238261,0.918378,0.109858,0.952252,-0.284828,0.315902,0.238252,0.91838,-4.53519e-18,0.633041,0.774118,-9.06989e-17,-0.774118,0.633041,-6.6853e-19,0.696189,0.717859,-8.7254e-17,-0.717859,0.696189,2.89364e-18,0.754363,0.656457,-8.34942e-17,-0.656457,0.754363,6.12556e-18,0.807145,0.590354,-7.94465e-17,-0.590354,0.807145,8.9766e-18,0.853706,0.520756,-7.51849e-17,-0.520756,0.853706,0.351,-0.011871,1.01841,0.351,-0.00182342,1.01899,0.351,0.00823841,1.01871,0.351,0.018242,1.01759,0.351,0.0280163,1.01566,0.349604,0.101302,0.929506,0.349603,0.101299,0.929507,0.349602,0.101303,0.929505,0.349605,0.101304,0.929504,0.349604,0.1013,0.929506,
0.5,0,0.9,0,1,0,-1,0,0,0.95,-1,1,0,1,0.0972589,-0.362425,0.0453392,-0.0154823,-0.216844,-0.223161,-0.42401,0.0972589,-0.362425,0.0453385,-0.0154836,-0.216846,-0.22316,-0.424008,0.0972596,-0.362427,0.0453364,-0.0154848,-0.216845,-0.223159,-0.424007,0.0972589,-0.362427,0.0453392,-0.0154867,-0.216845,-0.22316,-0.424009,0.0972589,-0.362424,0.0453393,-0.015485,-0.216846,-0.223161,-0.424008,0.109848,0.952252,-0.284835,0.3159,0.238262,0.918378,0.109855,0.952251,-0.284833,0.315899,0.238258,0.91838,0.109857,0.952253,-0.284826,0.315897,0.238251,0.918382,0.10985,0.952251,-0.284837,0.315899,0.238263,0.918378,0.109852,0.952251,-0.284835,0.315902,0.238261,0.918378,-8.63563e-18,0.566076,0.824353,-9.37749e-17,-0.824353,0.566076,-4.53519e-18,0.633041,0.774118,-9.06989e-17,-0.774118,0.633041,-6.6853e-19,0.696189,0.717859,-8.7254e-17,-0.717859,0.696189,2.89364e-18,0.754363,0.656457,-8.34942e-17,-0.656457,0.754363,6.12556e-18,0.807145,0.590354,-7.94465e-17,-0.590354,0.807145,0.351,-0.0217329,1.017,0.351,-0.011871,1.01841,0.351,-0.00182342,1.01899,0.351,0.00823841,1.01871,0.351,0.018242,1.01759,0.349603,0.101304,0.929506,0.349604,0.101302,0.929506,0.349603,0.101299,0.929507,0.349602,0.101303,0.929505,0.349605,0.101304,0.929504,
0.5,0,0.9,0,1,0,-1,0,0,0.95,-1,1,0,1,0.0972582,-0.362426,0.0453383,-0.0154838,-0.216845,-0.223161,-0.424007,0.0972589,-0.362425,0.0453392,-0.0154823,-0.216844,-0.223161,-0.42401,0.0972589,-0.362425,0.0453385,-0.0154836,-0.216846,-0.22316,-0.424008,0.0972596,-0.362427,0.0453364,-0.0154848,-0.216845,-0.223159,-0.424007,0.0972589,-0.362427,0.0453392,-0.0154867,-0.216845,-0.22316,-0.424009,0.109857,0.952253,-0.284828,0.3159,0.238252,0.918381,0.109848,0.952252,-0.284835,0.3159,0.238262,0.918378,0.109855,0.952251,-0.284833,0.315899,0.238258,0.91838,0.109857,0.952253,-0.284826,0.315897,0.238251,0.918382,0.10985,0.952251,-0.284837,0.315899,0.238263,0.918378,-1.30254e-17,0.494386,0.869243,-9.65236e-17,-0.869243,0.494386,-8.63563e-18,0.566076,0.824353,-9.37749e-17,-0.824353,0.566076,-4.53519e-18,0.633041,0.774118,-9.06989e-17,-0.774118,0.633041,-6.6853e-19,0.696189,0.717859,-8.7254e-17,-0.717859,0.696189,2.89364e-18,0.754363,0.656457,-8.34942e-17,-0.656457,0.754363,0.351,-0.0315426,1.01474,0.351,-0.0217329,1.017,0.351,-0.011871,1.01841,0.351,-0.00182342,1.01899,0.351,0.00823841,1.01871,0.349603,0.101301,0.929506,0.349603,0.101304,0.929506,0.349604,0.101302,0.929506,0.349603,0.101299,0.929507,0.349602,0.101303,0.929505,
0.5,0,0.9,0,1,0,-1,0,0,0.95,-1,1,0,1,0.0972603,-0.362425,0.0453387,-0.0154824,-0.216845,-0.223162,-0.424007,0.0972582,-0.362426,0.0453383,-0.0154838,-0.216845,-0.223161,-0.424007,0.0972589,-0.362425,0.0453392,-0.0154823,-0.216844,-0.223161,-0.42401,0.0972589,-0.362425,0.0453385,-0.0154836,-0.216846,-0.22316,-0.424008,0.0972596,-0.362427,0.0453364,-0.0154848,-0.216845,-0.223159,-0.424007,0.10985,0.952254,-0.284828,0.315899,0.238254,0.918381,0.109857,0.952253,-0.284828,0.3159,0.238252,0.918381,0.109848,0.952252,-0.284835,0.3159,0.238262,0.918378,0.109855,0.952251,-0.284833,0.315899,0.238258,0.91838,0.109857,0.952253,-0.284826,0.315897,0.238251,0.918382,-1.76321e-17,0.419153,0.907915,-9.88916e-17,-0.907915,0.419153,-1.30254e-17,0.494386,0.869243,-9.65236e-17,-0.869243,0.494386,-8.63563e-18,0.566076,0.824353,-9.37749e-17,-0.824353,0.566076,-4.53519e-18,0.633041,0.774118,-9.06989e-17,-0.774118,0.633041,-6.6853e-19,0.696189,0.717859,-8.7254e-17,-0.717859,0.696189,0.351,-0.0411272,1.01167,0.351,-0.0315426,1.01474,0.351,-0.0217329,1.017,0.351,-0.011871,1.01841,0.351,-0.00182342,1.01899,0.349603,0.101304,0.929506,0.349603,0.101301,0.929506,0.349603,0.101304,0.929506,0.349604,0.101302,0.929506,0.349603,0.101299,0.929507,
0.5,0,0.9,0,1,0,-1,0,0,0.95,-1,1,0,1,0.0972589,-0.362427,0.0453384,-0.0154863,-0.216845,-0.223161,-0.424008,0.0972603,-0.362425,0.0453387,-0.0154824,-0.216845,-0.223162,-0.424007,0.0972582,-0.362426,0.0453383,-0.0154838,-0.216845,-0.223161,-0.424007,0.0972589,-0.362425,0.0453392,-0.0154823,-0.216844,-0.223161,-0.42401,0.0972589,-0.362425,0.0453385,-0.0154836,-0.216846,-0.22316,-0.424008,0.109854,0.952252,-0.284832,0.315901,0.238258,0.918379,0.10985,0.952254,-0.284828,0.315899,0.238254,0.918381,0.109857,0.952253,-0.284828,0.3159,0.238252,0.918381,0.109848,0.952252,-0.284835,0.3159,0.238262,0.918378,0.109855,0.952251,-0.284833,0.315899,0.238258,0.91838,-2.23774e-17,0.341656,0.939825,-1.00845e-16,-0.939825,0.341656,-1.76321e-17,0.419153,0.907915,-9.88916e-17,-0.907915,0.419153,-1.30254e-17,0.494386,0.869243,-9.65236e-17,-0.869243,0.494386,-8.63563e-18,0.566076,0.824353,-9.37749e-17,-0.824353,0.566076,-4.53519e-18,0.633041,0.774118,-9.06989e-17,-0.774118,0.633041,0.351,-0.0503334,1.00783,0.351,-0.0411272,1.01167,0.351,-0.0315426,1.01474,0.351,-0.0217329,1.017,0.351,-0.011871,1.01841,0.349603,0.101302,0.929505,0.349603,0.101304,0.929506,0.349603,0.101301,0.929506,0.349603,0.101304,0.929506,0.349604,0.101302,0.929506,
0.5,0,0.9,0,1,0,-1,0,0,0.95,-1,1,0,1,0.0972589,-0.362428,0.0453391,-0.0154836,-0.216845,-0.223162,-0.424007,0.0972589,-0.362427,0.0453384,-0.0154863,-0.216845,-0.223161,-0.424008,0.0972603,-0.362425,0.0453387,-0.0154824,-0.216845,-0.223162,-0.424007,0.0972582,-0.362426,0.0453383,-0.0154838,-0.216845,-0.223161,-0.424007,0.0972589,-0.362425,0.0453392,-0.0154823,-0.216844,-0.223161,-0.42401,0.109855,0.952253,-0.284829,0.315897,0.238254,0.918382,0.109854,0.952252,-0.284832,0.315901,0.238258,0.918379,0.10985,0.952254,-0.284828,0.315899,0.238254,0.918381,0.109857,0.952253,-0.284828,0.3159,0.238252,0.918381,0.109848,0.952252,-0.284835,0.3159,0.238262,0.918378,-2.72659e-17,0.26182,0.965117,-1.02394e-16,-0.965117,0.26182,-2.23774e-17,0.341656,0.939825,-1.00845e-16,-0.939825,0.341656,-1.76321e-17,0.419153,0.907915,-9.88916e-17,-0.907915,0.419153,-1.30254e-17,0.494386,0.869243,-9.65236e-17,-0.869243,0.494386,-8.63563e-18,0.566076,0.824353,-9.37749e-17,-0.824353,0.566076,0.351,-0.0591794,1.00324,0.351,-0.0503334,1.00783,0.351,-0.0411272,1.01167,0.351,-0.0315426,1.01474,0.351,-0.0217329,1.017,0.3496,0.101302,0.929507,0.349603,0.101302,0.929505,0.349603,0.101304,0.929506,0.349603,0.101301,0.929506,0.349603,0.101304,0.929506,
0.5,0,0.9,0,1,0,-1,0,0,0.95,-1,1,0,1,0.0972603,-0.362426,0.0453391,-0.0154843,-0.216846,-0.223161,-0.42401,0.0972589,-0.362428,0.0453391,-0.0154836,-0.216845,-0.223162,-0.424007,0.0972589,-0.362427,0.0453384,-0.0154863,-0.216845,-0.223161,-0.424008,0.0972603,-0.362425,0.0453387,-0.0154824,-0.216845,-0.223162,-0.424007,0.0972582,-0.362426,0.0453383,-0.0154838,-0.216845,-0.223161,-0.424007,0.109848,0.952251,-0.284838,0.315899,0.238265,0.918378,0.109855,0.952253,-0.284829,0.315897,0.238254,0.918382,0.109854,0.952252,-0.284832,0.315901,0.238258,0.918379,0.10985,0.952254,-0.284828,0.315899,0.238254,0.918381,0.109857,0.952253,-0.284828,0.3159,0.238252,0.918381,-3.23124e-17,0.179405,0.983775,-1.03537e-16,-0.983775,0.179405,-2.72659e-17,0.26182,0.965117,-1.02394e-16,-0.965117,0.26182,-2.23774e-17,0.341656,0.939825,-1.00845e-16,-0.939825,0.341656,-1.76321e-17,0.419153,0.907915,-9.88916e-17,-0.907915,0.419153,-1.30254e-17,0.494386,0.869243,-9.65236e-17,-0.869243,0.494386,0.351,-0.0676843,0.997877,0.351,-0.0591794,1.00324,0.351,-0.0503334,1.00783,0.351,-0.0411272,1.01167,0.351,-0.0315426,1.01474,0.349602,0.101304,0.929506,0.3496,0.101302,0.929507,0.349603,0.101302,0.929505,0.349603,0.101304,0.929506,0.349603,0.101301,0.929506,
0.5,0,0.9,0,1,0,-1,0,0,0.95,-1,1,0,1,0.0972589,-0.362426,0.0453393,-0.0154845,-0.216845,-0.22316,-0.424009,0.0972603,-0.362426,0.0453391,-0.0154843,-0.216846,-0.223161,-0.42401,0.0972589,-0.362428,0.0453391,-0.0154836,-0.216845,-0.223162,-0.424007,0.0972589,-0.362427,0.0453384,-0.0154863,-0.216845,-0.223161,-0.424008,0.0972603,-0.362425,0.0453387,-0.0154824,-0.216845,-0.223162,-0.424007,0.109851,0.952252,-0.284834,0.315899,0.238261,0.918379,0.109848,0.952251,-0.284838,0.315899,0.238265,0.918378,0.109855,0.952253,-0.284829,0.315897,0.238254,0.918382,0.109854,0.952252,-0.284832,0.315901,0.238258,0.918379,0.10985,0.952254,-0.284828,0.315899,0.238254,0.918381,-3.74416e-17,0.0956397,0.995416,-1.04249e-16,-0.995416,0.0956397,-3.23124e-17,0.179405,0.983775,-1.03537e-16,-0.983775,0.179405,-2.72659e-17,0.26182,0.965117,-1.02394e-16,-0.965117,0.26182,-2.23774e-17,0.341656,0.939825,-1.00845e-16,-0.939825,0.341656,-1.76321e-17,0.419153,0.907915,-9.88916e-17,-0.907915,0.419153,0.351,-0.0757123,0.991808,0.351,-0.0676843,0.997877,0.351,-0.0591794,1.00324,0.351,-0.0503334,1.00783,0.351,-0.0411272,1.01167,0.349603,0.101304,0.929506,0.349602,0.101304,0.929506,0.3496,0.101302,0.929507,0.349603,0.101302,0.929505,0.349603,0.101304,0.929506,
0.5,0,0.9,0,1,0,-1,0,0,0.95,-1,1,0,1,0.0972589,-0.362426,0.0453393,-0.0154823,-0.216845,-0.223161,-0.424007,0.0972589,-0.362426,0.0453393,-0.0154845,-0.216845,-0.22316,-0.424009,0.0972603,-0.362426,0.0453391,-0.0154843,-0.216846,-0.223161,-0.42401,0.0972589,-0.362428,0.0453391,-0.0154836,-0.216845,-0.223162,-0.424007,0.0972589,-0.362427,0.0453384,-0.0154863,-0.216845,-0.223161,-0.424008,0.109853,0.952253,-0.284829,0.315896,0.238256,0.918382,0.109851,0.952252,-0.284834,0.315899,0.238261,0.918379,0.109848,0.952251,-0.284838,0.315899,0.238265,0.918378,0.109855,0.952253,-0.284829,0.315897,0.238254,0.918382,0.109854,0.952252,-0.284832,0.315901,0.238258,0.918379,-4.26146e-17,0.0111575,0.999938,-1.04526e-16,-0.999938,0.0111575,-3.74416e-17,0.0956397,0.995416,-1.04249e-16,-0.995416,0.0956397,-3.23124e-17,0.179405,0.983775,-1.03537e-16,-0.983775,0.179405,-2.72659e-17,0.26182,0.965117,-1.02394e-16,-0.965117,0.26182,-2.23774e-17,0.341656,0.939825,-1.00845e-16,-0.939825,0.341656,0.351,-0.0832016,0.985079,0.351,-0.0757123,0.991808,0.351,-0.0676843,0.997877,0.351,-0.0591794,1.00324,0.351,-0.0503334,1.00783,0.349602,0.101303,0.929507,0.349603,0.101304,0.929506,0.349602,0.101304,0.929506,0.3496,0.101302,0.929507,0.349603,0.101302,0.929505,
0.5,0,0.9,0,1,0,-1,0,0,0.95,-1,1,0,1,0.0972589,-0.362426,0.0453391,-0.0154838,-0.216845,-0.223161,-0.424008,0.0972589,-0.362426,0.0453393,-0.0154823,-0.216845,-0.223161,-0.424007,0.0972589,-0.362426,0.0453393,-0.0154845,-0.216845,-0.22316,-0.424009,0.0972603,-0.362426,0.0453391,-0.0154843,-0.216846,-0.223161,-0.42401,0.0972589,-0.362428,0.0453391,-0.0154836,-0.216845,-0.223162,-0.424007,0.109852,0.952252,-0.284831,0.315898,0.238257,0.91838,0.109853,0.952253,-0.284829,0.315896,0.238256,0.918382,0.109851,0.952252,-0.284834,0.315899,0.238261,0.918379,0.109848,0.952251,-0.284838,0.315899,0.238265,0.918378,0.109855,0.952253,-0.284829,0.315897,0.238254,0.918382,-4.77908e-17,-0.0733767,0.997304,-1.04365e-16,-0.997304,-0.0733767,-4.26146e-17,0.0111575,0.999938,-1.04526e-16,-0.999938,0.0111575,-3.74416e-17,0.0956397,0.995416,-1.04249e-16,-0.995416,0.0956397,-3.23124e-17,0.179405,0.983775,-1.03537e-16,-0.983775,0.179405,-2.72659e-17,0.26182,0.965117,-1.02394e-16,-0.965117,0.26182,0.351,-0.0900932,0.977745,0.351,-0.0832016,0.985079,0.351,-0.0757123,0.991808,0.351,-0.0676843,0.997877,0.351,-0.0591794,1.00324,0.349602,0.101303,0.929506,0.349602,0.101303,0.929507,0.349603,0.101304,0.929506,0.349602,0.101304,0.929506,0.3496,0.101302,0.929507,
0.5,0,0.9,0,1,0,-1,0,0,0.95,-1,1,0,1,0.0972589,-0.362425,0.0453373,-0.0154824,-0.216844,-0.223162,-0.424008,0.0972589,-0.362426,0.0453391,-0.0154838,-0.216845,-0.223161,-0.424008,0.0972589,-0.362426,0.0453393,-0.0154823,-0.216845,-0.223161,-0.424007,0.0972589,-0.362426,0.0453393,-0.0154845,-0.216845,-0.22316,-0.424009,0.0972603,-0.362426,0.0453391,-0.0154843,-0.216846,-0.223161,-0.42401,0.109856,0.952253,-0.284827,0.315902,0.238252,0.91838,0.109852,0.952252,-0.284831,0.315898,0.238257,0.91838,0.109853,0.952253,-0.284829,0.315896,0.238256,0.918382,0.109851,0.952252,-0.284834,0.315899,0.238261,0.918379,0.109848,0.952251,-0.284838,0.315899,0.238265,0.918378,-5.28839e-17,-0.156553,0.98767,-1.03775e-16,-0.98767,-0.156553,-4.77908e-17,-0.0733767,0.997304,-1.04365e-16,-0.997304,-0.0733767,-4.26146e-17,0.0111575,0.999938,-1.04526e-16,-0.999938,0.0111575,-3.74416e-17,0.0956397,0.995416,-1.04249e-16,-0.995416,0.0956397,-3.23124e-17,0.179405,0.983775,-1.03537e-16,-0.983775,0.179405,0.351,-0.0962814,0.969935,0.351,-0.0900932,0.977745,0.351,-0.0832016,0.985079,0.351,-0.0757123,0.991808,0.351,-0.0676843,0.997877,0.349604,0.1013,0.929506,0.349602,0.101303,0.929506,0.349602,0.101303,0.929507,0.349603,0.101304,0.929506,0.349602,0.101304,0.929506,
0.5,0,0.9,0,1,0,-1,0,0,0.95,-1,1,0,1,0.0972589,-0.362427,0.0453388,-0.015485,-0.216844,-0.22316,-0.424008,0.0972589,-0.362425,0.0453373,-0.0154824,-0.216844,-0.223162,-0.424008,0.0972589,-0.362426,0.0453391,-0.0154838,-0.216845,-0.223161,-0.424008,0.0972589,-0.362426,0.0453393,-0.0154823,-0.216845,-0.223161,-0.424007,0.0972589,-0.362426,0.0453393,-0.0154845,-0.216845,-0.22316,-0.424009,0.109852,0.952253,-0.284829,0.315897,0.238256,0.918381,0.109856,0.952253,-0.284827,0.315902,0.238252,0.91838,0.109852,0.952252,-0.284831,0.315898,0.238257,0.91838,0.109853,0.952253,-0.284829,0.315896,0.238256,0.918382,0.109851,0.952252,-0.284834,0.315899,0.238261,0.918379,-5.79593e-17,-0.239441,0.970911,-1.02749e-16,-0.970911,-0.239441,-5.28839e-17,-0.156553,0.98767,-1.03775e-16,-0.98767,-0.156553,-4.77908e-17,-0.0733767,0.997304,-1.04365e-16,-0.997304,-0.0733767,-4.26146e-17,0.0111575,0.999938,-1.04526e-16,-0.999938,0.0111575,-3.74416e-17,0.0956397,0.995416,-1.04249e-16,-0.995416,0.0956397,0.351,-0.101846,0.96155,0.351,-0.0962814,0.969935,0.351,-0.0900932,0.977745,0.351,-0.0832016,0.985079,0.351,-0.0757123,0.991808,0.349602,0.101303,0.929506,0.349604,0.1013,0.929506,0.349602,0.101303,0.929506,0.349602,0.101303,0.929507,0.349603,0.101304,0.929506,
0.5,0,0.9,0,1,0,-1,0,0,0.95,-1,1,0,1,0.0972589,-0.362425,0.0453386,-0.0154819,-0.216845,-0.223161,-0.424009,0.0972589,-0.362427,0.0453388,-0.015485,-0.216844,-0.22316,-0.424008,0.0972589,-0.362425,0.0453373,-0.0154824,-0.216844,-0.223162,-0.424008,0.0972589,-0.362426,0.0453391,-0.0154838,-0.216845,-0.223161,-0.424008,0.0972589,-0.362426,0.0453393,-0.0154823,-0.216845,-0.223161,-0.424007,0.109852,0.952252,-0.284832,0.315898,0.238259,0.91838,0.109852,0.952253,-0.284829,0.315897,0.238256,0.918381,0.109856,0.952253,-0.284827,0.315902,0.238252,0.91838,0.109852,0.952252,-0.284831,0.315898,0.238257,0.91838,0.109853,0.952253,-0.284829,0.315896,0.238256,0.918382,-6.29301e-17,-0.32062,0.947208,-1.01298e-16,-0.947208,-0.32062,-5.79593e-17,-0.239441,0.970911,-1.02749e-16,-0.970911,-0.239441,-5.28839e-17,-0.156553,0.98767,-1.03775e-16,-0.98767,-0.156553,-4.77908e-17,-0.0733767,0.997304,-1.04365e-16,-0.997304,-0.0733767,-4.26146e-17,0.0111575,0.999938,-1.04526e-16,-0.999938,0.0111575,0.351,-0.106682,0.952725,0.351,-0.101846,0.96155,0.351,-0.0962814,0.969935,0.351,-0.0900932,0.977745,0.351,-0.0832016,0.985079,0.349603,0.101302,0.929507,0.349602,0.101303,0.929506,0.349604,0.1013,0.929506,0.349602,0.101303,0.929506,0.349602,0.101303,0.929507,
0.5,0,0.9,0,1,0,-1,0,0,0.95,-1,1,0,1,0.0972582,-0.362426,0.0453386,-0.0154836,-0.216846,-0.22316,-0.424009,0.0972589,-0.362425,0.0453386,-0.0154819,-0.216845,-0.223161,-0.424009,0.0972589,-0.362427,0.0453388,-0.015485,-0.216844,-0.22316,-0.424008,0.0972589,-0.362425,0.0453373,-0.0154824,-0.216844,-0.223162,-0.424008,0.0972589,-0.362426,0.0453391,-0.0154838,-0.216845,-0.223161,-0.424008,0.109856,0.952251,-0.284835,0.315898,0.23826,0.91838,0.109852,0.952252,-0.284832,0.315898,0.238259,0.91838,0.109852,0.952253,-0.284829,0.315897,0.238256,0.918381,0.109856,0.952253,-0.284827,0.315902,0.238252,0.91838,0.109852,0.952252,-0.284831,0.315898,0.238257,0.91838,-6.77147e-17,-0.398758,0.917056,-9.94513e-17,-0.917056,-0.398758,-6.29301e-17,-0.32062,0.947208,-1.01298e-16,-0.947208,-0.32062,-5.79593e-17,-0.239441,0.970911,-1.02749e-16,-0.970911,-0.239441,-5.28839e-17,-0.156553,0.98767,-1.03775e-16,-0.98767,-0.156553,-4.77908e-17,-0.0733767,0.997304,-1.04365e-16,-0.997304,-0.0733767,0.351,-0.11072,0.943613,0.351,-0.106682,0.952725,0.351,-0.101846,0.96155,0.351,-0.0962814,0.969935,0.351,-0.0900932,0.977745,0.349603,0.101301,0.929507,0.349603,0.101302,0.929507,0.349602,0.101303,0.929506,0.349604,0.1013,0.929506,0.349602,0.101303,0.929506,
0.5,0,0.9,0,1,0,-1,0,0,0.95,-1,1,0,1,0.097259,-0.362426,0.0453386,-0.0154824,-0.216846,-0.22316,-0.424009,0.0972582,-0.362426,0.0453386,-0.0154836,-0.216846,-0.22316,-0.424009,0.0972589,-0.362425,0.0453386,-0.0154819,-0.216845,-0.223161,-0.424009,0.0972589,-0.362427,0.0453388,-0.015485,-0.216844,-0.22316,-0.424008,0.0972589,-0.362425,0.0453373,-0.0154824,-0.216844,-0.223162,-0.424008,0.109854,0.952251,-0.284835,0.315896,0.238261,0.91838,0.109856,0.952251,-0.284835,0.315898,0.23826,0.91838,0.109852,0.952252,-0.284832,0.315898,0.238259,0.91838,0.109852,0.952253,-0.284829,0.315897,0.238256,0.918381,0.109856,0.952253,-0.284827,0.315902,0.238252,0.91838,-7.23709e-17,-0.4748,0.880094,-9.7188e-17,-0.880094,-0.4748,-6.77147e-17,-0.398758,0.917056,-9.94513e-17,-0.917056,-0.398758,-6.29301e-17,-0.32062,0.947208,-1.01298e-16,-0.947208,-0.32062,-5.79593e-17,-0.239441,0.970911,-1.02749e-16,-0.970911,-0.239441,-5.28839e-17,-0.156553,0.98767,-1.03775e-16,-0.98767,-0.156553,0.351,-0.114008,0.934104,0.351,-0.11072,0.943613,0.351,-0.106682,0.952725,0.351,-0.101846,0.96155,0.351,-0.0962814,0.969935,0.349602,0.101302,0.929508,0.349603,0.101301,0.929507,0.349603,0.101302,0.929507,0.349602,0.101303,0.929506,0.349604,0.1013,0.929506,
0.5,0,0.9,0,1,0,-1,0,0,0.95,-1,1,0,1,0.0972589,-0.362427,0.0453364,-0.0154838,-0.216845,-0.223161,-0.424008,0.097259,-0.362426,0.0453386,-0.0154824,-0.216846,-0.22316,-0.424009,0.0972582,-0.362426,0.0453386,-0.0154836,-0.216846,-0.22316,-0.424009,0.0972589,-0.362425,0.0453386,-0.0154819,-0.216845,-0.223161,-0.424009,0.0972589,-0.362427,0.0453388,-0.015485,-0.216844,-0.22316,-0.424008,0.109859,0.952253,-0.284827,0.3159,0.238251,0.918381,0.109854,0.952251,-0.284835,0.315896,0.238261,0.91838,0.109856,0.952251,-0.284835,0.315898,0.23826,0.91838,0.109852,0.952252,-0.284832,0.315898,0.238259,0.91838,0.109852,0.952253,-0.284829,0.315897,0.238256,0.918381,-7.6779e-17,-0.546789,0.837271,-9.45658e-17,-0.837271,-0.546789,-7.23709e-17,-0.4748,0.880094,-9.7188e-17,-0.880094,-0.4748,-6.77147e-17,-0.398758,0.917056,-9.94513e-17,-0.917056,-0.398758,-6.29301e-17,-0.32062,0.947208,-1.01298e-16,-0.947208,-0.32062,-5.79593e-17,-0.239441,0.970911,-1.02749e-16,-0.970911,-0.239441,0.351,-0.116463,0.924443,0.351,-0.114008,0.934104,0.351,-0.11072,0.943613,0.351,-0.106682,0.952725,0.351,-0.101846,0.96155,0.349603,0.101298,0.929507,0.349602,0.101302,0.929508,0.349603,0.101301,0.929507,0.349603,0.101302,0.929507,0.349602,0.101303,0.929506,
0.5,0,0.9,0,1,0,-1,0,0,0.95,-1,1,0,1,0.0972589,-0.362425,0.045338,-0.015484,-0.216845,-0.22316,-0.424008,0.0972589,-0.362427,0.0453364,-0.0154838,-0.216845,-0.223161,-0.424008,0.097259,-0.362426,0.0453386,-0.0154824,-0.216846,-0.22316,-0.424009,0.0972582,-0.362426,0.0453386,-0.0154836,-0.216846,-0.22316,-0.424009,0.0972589,-0.362425,0.0453386,-0.0154819,-0.216845,-0.223161,-0.424009,0.109853,0.952252,-0.284831,0.3159,0.238256,0.91838,0.109859,0.952253,-0.284827,0.3159,0.238251,0.918381,0.109854,0.952251,-0.284835,0.315896,0.238261,0.91838,0.109856,0.952251,-0.284835,0.315898,0.23826,0.91838,0.109852,0.952252,-0.284832,0.315898,0.238259,0.91838,-8.09522e-17,-0.614942,0.788572,-9.15839e-17,-0.788572,-0.614942,-7.6779e-17,-0.546789,0.837271,-9.45658e-17,-0.837271,-0.546789,-7.23709e-17,-0.4748,0.880094,-9.7188e-17,-0.880094,-0.4748,-6.77147e-17,-0.398758,0.917056,-9.94513e-17,-0.917056,-0.398758,-6.29301e-17,-0.32062,0.947208,-1.01298e-16,-0.947208,-0.32062,0.351,-0.1181,0.91461,0.351,-0.116463,0.924443,0.351,-0.114008,0.934104,0.351,-0.11072,0.943613,0.351,-0.106682,0.952725,0.349604,0.101302,0.929506,0.349603,0.101298,0.929507,0.349602,0.101302,0.929508,0.349603,0.101301,0.929507,0.349603,0.101302,0.929507,
0.5,0,0.9,0,1,0,-1,0,0,0.95,-1,1,0,1,0.0972589,-0.362425,0.0453384,-0.0154811,-0.216845,-0.22316,-0.424008,0.0972589,-0.362425,0.045338,-0.015484,-0.216845,-0.22316,-0.424008,0.0972589,-0.362427,0.0453364,-0.0154838,-0.216845,-0.223161,-0.424008,0.097259,-0.362426,0.0453386,-0.0154824,-0.216846,-0.22316,-0.424009,0.0972582,-0.362426,0.0453386,-0.0154836,-0.216846,-0.22316,-0.424009,0.109853,0.952253,-0.284828,0.315898,0.238254,0.918381,0.109853,0.952252,-0.284831,0.3159,0.238256,0.91838,0.109859,0.952253,-0.284827,0.3159,0.238251,0.918381,0.109854,0.952251,-0.284835,0.315896,0.238261,0.91838,0.109856,0.952251,-0.284835,0.315898,0.23826,0.91838,-8.48976e-17,-0.679376,0.73379,-8.82295e-17,-0.73379,-0.679376,-8.09522e-17,-0.614942,0.788572,-9.15839e-17,-0.788572,-0.614942,-7.6779e-17,-0.546789,0.837271,-9.45658e-17,-0.837271,-0.546789,-7.23709e-17,-0.4748,0.880094,-9.7188e-17,-0.880094,-0.4748,-6.77147e-17,-0.398758,0.917056,-9.94513e-17,-0.917056,-0.398758,0.351,-0.118912,0.904579,0.351,-0.1181,0.91461,0.351,-0.116463,0.924443,0.351,-0.114008,0.934104,0.351,-0.11072,0.943613,0.349603,0.101302,0.929507,0.349604,0.101302,0.929506,0.349603,0.101298,0.929507,0.349602,0.101302,0.929508,0.349603,0.101301,0.929507,
0.5,0,0.9,0,1,0,-1,0,0,0.95,-1,1,0,1,0.0972596,-0.362425,0.0453378,-0.0154816,-0.216845,-0.223161,-0.424008,0.0972589,-0.362425,0.0453384,-0.0154811,-0.216845,-0.22316,-0.424008,0.0972589,-0.362425,0.045338,-0.015484,-0.216845,-0.22316,-0.424008,0.0972589,-0.362427,0.0453364,-0.0154838,-0.216845,-0.223161,-0.424008,0.097259,-0.362426,0.0453386,-0.0154824,-0.216846,-0.22316,-0.424009,0.109853,0.952253,-0.28483,0.3159,0.238256,0.91838,0.109853,0.952253,-0.284828,0.315898,0.238254,0.918381,0.109853,0.952252,-0.284831,0.3159,0.238256,0.91838,0.109859,0.952253,-0.284827,0.3159,0.238251,0.918381,0.109854,0.952251,-0.284835,0.315896,0.238261,0.91838,8.85115e-17,-0.738396,0.674367,8.45909e-17,-0.674367,-0.738396,-8.48976e-17,-0.679376,0.73379,-8.82295e-17,-0.73379,-0.679376,-8.09522e-17,-0.614942,0.788572,-9.15839e-17,-0.788572,-0.614942,-7.6779e-17,-0.546789,0.837271,-9.45658e-17,-0.837271,-0.546789,-7.23709e-17,-0.4748,0.880094,-9.7188e-17,-0.880094,-0.4748,0.351,-0.118878,0.894612,0.351,-0.118912,0.904579,0.351,-0.1181,0.91461,0.351,-0.116463,0.924443,0.351,-0.114008,0.934104,0.349603,0.101301,0.929507,0.349603,0.101302,0.929507,0.349604,0.101302,0.929506,0.349603,0.101298,0.929507,0.349602,0.101302,0.929508,
0.5,0,0.9,0,1,0,-1,0,0,0.95,-1,1,0,1,0.097259,-0.362425,0.0453381,-0.0154843,-0.216845,-0.223161,-0.424009,0.0972596,-0.362425,0.0453378,-0.0154816,-0.216845,-0.223161,-0.424008,0.0972589,-0.362425,0.0453384,-0.0154811,-0.216845,-0.22316,-0.424008,0.0972589,-0.362425,0.045338,-0.015484,-0.216845,-0.22316,-0.424008,0.0972589,-0.362427,0.0453364,-0.0154838,-0.216845,-0.223161,-0.424008,0.109852,0.952252,-0.284833,0.315903,0.238258,0.918379,0.109853,0.952253,-0.28483,0.3159,0.238256,0.91838,0.109853,0.952253,-0.284828,0.315898,0.238254,0.918381,0.109853,0.952252,-0.284831,0.3159,0.238256,0.91838,0.109859,0.952253,-0.284827,0.3159,0.238251,0.918381,9.1839e-17,-0.792738,0.609562,8.06227e-17,-0.609562,-0.792738,8.85115e-17,-0.738396,0.674367,8.45909e-17,-0.674367,-0.738396,-8.48976e-17,-0.679376,0.73379,-8.82295e-17,-0.73379,-0.679376,-8.09522e-17,-0.614942,0.788572,-9.15839e-17,-0.788572,-0.614942,-7.6779e-17,-0.546789,0.837271,-9.45658e-17,-0.837271,-0.546789,0.351,-0.117998,0.884587,0.351,-0.118878,0.894612,0.351,-0.118912,0.904579,0.351,-0.1181,0.91461,0.351,-0.116463,0.924443,0.349604,0.101302,0.929505,0.349603,0.101301,0.929507,0.349603,0.101302,0.929507,0.349604,0.101302,0.929506,0.349603,0.101298,0.929507,
0.5,0,0.9,0,1,0,-1,0,0,0.95,-1,1,0,1,0.0972592,-0.362426,0.045338,-0.0154827,-0.216845,-0.223161,-0.42401,0.097259,-0.362425,0.0453381,-0.0154843,-0.216845,-0.223161,-0.424009,0.0972596,-0.362425,0.0453378,-0.0154816,-0.216845,-0.223161,-0.424008,0.0972589,-0.362425,0.0453384,-0.0154811,-0.216845,-0.22316,-0.424008,0.0972589,-0.362425,0.045338,-0.015484,-0.216845,-0.22316,-0.424008,0.109852,0.952252,-0.284833,0.315899,0.238259,0.91838,0.109852,0.952252,-0.284833,0.315903,0.238258,0.918379,0.109853,0.952253,-0.28483,0.3159,0.238256,0.91838,0.109853,0.952253,-0.284828,0.315898,0.238254,0.918381,0.109853,0.952252,-0.284831,0.3159,0.238256,0.91838,9.48191e-17,-0.841406,0.540403,7.63879e-17,-0.540403,-0.841406,9.1839e-17,-0.792738,0.609562,8.06227e-17,-0.609562,-0.792738,8.85115e-17,-0.738396,0.674367,8.45909e-17,-0.674367,-0.738396,-8.48976e-17,-0.679376,0.73379,-8.82295e-17,-0.73379,-0.679376,-8.09522e-17,-0.614942,0.788572,-9.15839e-17,-0.788572,-0.614942,0.351,-0.116273,0.874672,0.351,-0.117998,0.884587,0.351,-0.118878,0.894612,0.351,-0.118912,0.904579,0.351,-0.1181,0.91461,0.349603,0.101301,0.929507,0.349604,0.101302,0.929505,0.349603,0.101301,0.929507,0.349603,0.101302,0.929507,0.349604,0.101302,0.929506,
0.5,0,0.9,0,1,0,-1,0,0,0.95,-1,1,0,1,0.0972596,-0.362426,0.0453378,-0.0154824,-0.216846,-0.223161,-0.42401,0.0972592,-0.362426,0.045338,-0.0154827,-0.216845,-0.223161,-0.42401,0.097259,-0.362425,0.0453381,-0.0154843,-0.216845,-0.223161,-0.424009,0.0972596,-0.362425,0.0453378,-0.0154816,-0.216845,-0.223161,-0.424008,0.0972589,-0.362425,0.0453384,-0.0154811,-0.216845,-0.22316,-0.424008,0.109853,0.952251,-0.284835,0.315899,0.238261,0.918379,0.109852,0.952252,-0.284833,0.315899,0.238259,0.91838,0.109852,0.952252,-0.284833,0.315903,0.238258,0.918379,0.109853,0.952253,-0.28483,0.3159,0.238256,0.91838,0.109853,0.952253,-0.284828,0.315898,0.238254,0.918381,9.74306e-17,-0.884055,0.467383,7.19168e-17,-0.467383,-0.884055,9.48191e-17,-0.841406,0.540403,7.63879e-17,-0.540403,-0.841406,9.1839e-17,-0.792738,0.609562,8.06227e-17,-0.609562,-0.792738,8.85115e-17,-0.738396,0.674367,8.45909e-17,-0.674367,-0.738396,-8.48976e-17,-0.679376,0.73379,-8.82295e-17,-0.73379,-0.679376,0.351,-0.113718,0.864939,0.351,-0.116273,0.874672,0.351,-0.117998,0.884587,0.351,-0.118878,0.894612,0.351,-0.118912,0.904579,0.349603,0.101301,0.929507,0.349603,0.101301,0.929507,0.349604,0.101302,0.929505,0.349603,0.101301,0.929507,0.349603,0.101302,0.929507,
0.5,0,0.9,0,1,0,-1,0,0,0.95,-1,1,0,1,0.0972589,-0.362424,0.0453386,-0.015485,-0.216845,-0.22316,-0.42401,0.0972596,-0.362426,0.0453378,-0.0154824,-0.216846,-0.223161,-0.42401,0.0972592,-0.362426,0.045338,-0.0154827,-0.216845,-0.223161,-0.42401,0.097259,-0.362425,0.0453381,-0.0154843,-0.216845,-0.223161,-0.424009,0.0972596,-0.362425,0.0453378,-0.0154816,-0.216845,-0.223161,-0.424008,0.109849,0.95225,-0.284839,0.315902,0.238265,0.918377,0.109853,0.952251,-0.284835,0.315899,0.238261,0.918379,0.109852,0.952252,-0.284833,0.315899,0.238259,0.91838,0.109852,0.952252,-0.284833,0.315903,0.238258,0.918379,0.109853,0.952253,-0.28483,0.3159,0.238256,0.91838,9.96547e-17,-0.920378,0.39103,6.72415e-17,-0.39103,-0.920378,9.74306e-17,-0.884055,0.467383,7.19168e-17,-0.467383,-0.884055,9.48191e-17,-0.841406,0.540403,7.63879e-17,-0.540403,-0.841406,9.1839e-17,-0.792738,0.609562,8.06227e-17,-0.609562,-0.792738,8.85115e-17,-0.738396,0.674367,8.45909e-17,-0.674367,-0.738396,0.351,-0.110349,0.855458,0.351,-0.113718,0.864939,0.351,-0.116273,0.874672,0.351,-0.117998,0.884587,0.351,-0.118878,0.894612,0.349605,0.101303,0.929504,0.349603,0.101301,0.929507,0.349603,0.101301,0.929507,0.349604,0.101302,0.929505,0.349603,0.101301,0.929507,
0.5,0,0.9,0,1,0,-1,0,0,0.95,-1,1,0,1,0.0972596,-0.362426,0.0453371,-0.0154838,-0.216845,-0.223162,-0.424008,0.0972589,-0.362424,0.0453386,-0.015485,-0.216845,-0.22316,-0.42401,0.0972596,-0.362426,0.0453378,-0.0154824,-0.216846,-0.223161,-0.42401,0.0972592,-0.362426,0.045338,-0.0154827,-0.216845,-0.223161,-0.42401,0.097259,-0.362425,0.0453381,-0.0154843,-0.216845,-0.223161,-0.424009,0.109855,0.952253,-0.284829,0.315902,0.238254,0.91838,0.109849,0.95225,-0.284839,0.315902,0.238265,0.918377,0.109853,0.952251,-0.284835,0.315899,0.238261,0.918379,0.109852,0.952252,-0.284833,0.315899,0.238259,0.91838,0.109852,0.952252,-0.284833,0.315903,0.238258,0.918379,1.01477e-16,-0.950138,0.311829,6.23918e-17,-0.311829,-0.950138,9.96547e-17,-0.920378,0.39103,6.72415e-17,-0.39103,-0.920378,9.74306e-17,-0.884055,0.467383,7.19168e-17,-0.467383,-0.884055,9.48191e-17,-0.841406,0.540403,7.63879e-17,-0.540403,-0.841406,9.1839e-17,-0.792738,0.609562,8.06227e-17,-0.609562,-0.792738,0.351,-0.106189,0.846289,0.351,-0.110349,0.855458,0.351,-0.113718,0.864939,0.351,-0.116273,0.874672,0.351,-0.117998,0.884587,0.349603,0.1013,0.929506,0.349605,0.101303,0.929504,0.349603,0.101301,0.929507,0.349603,0.101301,0.929507,0.349604,0.101302,0.929505,
0.5,0,0.9,0,1,0,-1,0,0,0.95,-1,1,0,1,0.0972596,-0.362426,0.0453378,-0.0154838,-0.216845,-0.223161,-0.42401,0.0972596,-0.362426,0.0453371,-0.0154838,-0.216845,-0.223162,-0.424008,0.0972589,-0.362424,0.0453386,-0.015485,-0.216845,-0.22316,-0.42401,0.0972596,-0.362426,0.0453378,-0.0154824,-0.216846,-0.223161,-0.42401,0.0972592,-0.362426,0.045338,-0.0154827,-0.216845,-0.223161,-0.42401,0.109852,0.952251,-0.284835,0.315901,0.238261,0.918378,0.109855,0.952253,-0.284829,0.315902,0.238254,0.91838,0.109849,0.95225,-0.284839,0.315902,0.238265,0.918377,0.109853,0.952251,-0.284835,0.315899,0.238261,0.918379,0.109852,0.952252,-0.284833,0.315899,0.238259,0.91838,1.0287e-16,-0.972895,0.231248,5.74577e-17,-0.231248,-0.972895,1.01477e-16,-0.950138,0.311829,6.23918e-17,-0.311829,-0.950138,9.96547e-17,-0.920378,0.39103,6.72415e-17,-0.39103,-0.920378,9.74306e-17,-0.884055,0.467383,7.19168e-17,-0.467383,-0.884055,9.48191e-17,-0.841406,0.540403,7.63879e-17,-0.540403,-0.841406,0.351,-0.101323,0.837594,0.351,-0.106189,0.846289,0.351,-0.110349,0.855458,0.351,-0.113718,0.864939,0.351,-0.116273,0.874672,0.349603,0.101301,0.929506,0.349603,0.1013,0.929506,0.349605,0.101303,0.929504,0.349603,0.101301,0.929507,0.349603,0.101301,0.929507,
0.5,0,0.9,0,1,0,-1,0,0,0.95,-1,1,0,1,0.0972596,-0.362427,0.0453385,-0.0154826,-0.216845,-0.223161,-0.424009,0.0972596,-0.362426,0.0453378,-0.0154838,-0.216845,-0.223161,-0.42401,0.0972596,-0.362426,0.0453371,-0.0154838,-0.216845,-0.223162,-0.424008,0.0972589,-0.362424,0.0453386,-0.015485,-0.216845,-0.22316,-0.42401,0.0972596,-0.362426,0.0453378,-0.0154824,-0.216846,-0.223161,-0.42401,0.109851,0.952252,-0.284831,0.315896,0.238258,0.918381,0.109852,0.952251,-0.284835,0.315901,0.238261,0.918378,0.109855,0.952253,-0.284829,0.315902,0.238254,0.91838,0.109849,0.95225,-0.284839,0.315902,0.238265,0.918377,0.109853,0.952251,-0.284835,0.315899,0.238261,0.918379,1.03847e-16,-0.988837,0.149004,5.24217e-17,-0.149004,-0.988837,1.0287e-16,-0.972895,0.231248,5.74577e-17,-0.231248,-0.972895,1.01477e-16,-0.950138,0.311829,6.23918e-17,-0.311829,-0.950138,9.96547e-17,-0.920378,0.39103,6.72415e-17,-0.39103,-0.920378,9.74306e-17,-0.884055,0.467383,7.19168e-17,-0.467383,-0.884055,0.351,-0.0957444,0.829332,0.351,-0.101323,0.837594,0.351,-0.106189,0.846289,0.351,-0.110349,0.855458,0.351,-0.113718,0.864939,0.349601,0.101302,0.929508,0.349603,0.101301,0.929506,0.349603,0.1013,0.929506,0.349605,0.101303,0.929504,0.349603,0.101301,0.929507,
0.5,0,0.9,0,1,0,-1,0,0,0.95,-1,1,0,1,0.0972589,-0.362425,0.0453385,-0.0154824,-0.216845,-0.223161,-0.424009,0.0972596,-0.362427,0.0453385,-0.0154826,-0.216845,-0.223161,-0.424009,0.0972596,-0.362426,0.0453378,-0.0154838,-0.216845,-0.223161,-0.42401,0.0972596,-0.362426,0.0453371,-0.0154838,-0.216845,-0.223162,-0.424008,0.0972589,-0.362424,0.0453386,-0.015485,-0.216845,-0.22316,-0.42401,0.109853,0.952251,-0.284835,0.3159,0.238261,0.918379,0.109851,0.952252,-0.284831,0.315896,0.238258,0.918381,0.109852,0.952251,-0.284835,0.315901,0.238261,0.918378,0.109855,0.952253,-0.284829,0.315902,0.238254,0.91838,0.109849,0.95225,-0.284839,0.315902,0.238265,0.918377,1.04401e-16,-0.997887,0.0649683,4.7276e-17,-0.0649683,-0.997887,1.03847e-16,-0.988837,0.149004,5.24217e-17,-0.149004,-0.988837,1.0287e-16,-0.972895,0.231248,5.74577e-17,-0.231248,-0.972895,1.01477e-16,-0.950138,0.311829,6.23918e-17,-0.311829,-0.950138,9.96547e-17,-0.920378,0.39103,6.72415e-17,-0.39103,-0.920378,0.351,-0.0894347,0.821499,0.351,-0.0957444,0.829332,0.351,-0.101323,0.837594,0.351,-0.106189,0.846289,0.351,-0.110349,0.855458,0.349603,0.101302,0.929506,0.349601,0.101302,0.929508,0.349603,0.101301,0.929506,0.349603,0.1013,0.929506,0.349605,0.101303,0.929504,
0.5,0,0.9,0,1,0,-1,0,0,0.95,-1,1,0,1,0.0972589,-0.362426,0.0453398,-0.0154826,-0.216845,-0.223162,-0.424008,0.0972589,-0.362425,0.0453385,-0.0154824,-0.216845,-0.223161,-0.424009,0.0972596,-0.362427,0.0453385,-0.0154826,-0.216845,-0.223161,-0.424009,0.0972596,-0.362426,0.0453378,-0.0154838,-0.216845,-0.223161,-0.42401,0.0972596,-0.362426,0.0453371,-0.0154838,-0.216845,-0.223162,-0.424008,0.109851,0.952252,-0.284831,0.315898,0.238258,0.91838,0.109853,0.952251,-0.284835,0.3159,0.238261,0.918379,0.109851,0.952252,-0.284831,0.315896,0.238258,0.918381,0.109852,0.952251,-0.284835,0.315901,0.238261,0.918378,0.109855,0.952253,-0.284829,0.315902,0.238254,0.91838,1.04518e-16,-0.999808,-0.0195907,4.20982e-17,0.0195907,-0.999808,1.04401e-16,-0.997887,0.0649683,4.7276e-17,-0.0649683,-0.997887,1.03847e-16,-0.988837,0.149004,5.24217e-17,-0.149004,-0.988837,1.0287e-16,-0.972895,0.231248,5.74577e-17,-0.231248,-0.972895,1.01477e-16,-0.950138,0.311829,6.23918e-17,-0.311829,-0.950138,0.351,-0.0824811,0.814222,0.351,-0.0894347,0.821499,0.351,-0.0957444,0.829332,0.351,-0.101323,0.837594,0.351,-0.106189,0.846289,0.349602,0.101304,0.929506,0.349603,0.101302,0.929506,0.349601,0.101302,0.929508,0.349603,0.101301,0.929506,0.349603,0.1013,0.929506,
0.5,0,0.9,0,1,0,-1,0,0,0.95,-1,1,0,1,0.0972603,-0.362425,0.0453393,-0.0154849,-0.216845,-0.223162,-0.424008,0.0972589,-0.362426,0.0453398,-0.0154826,-0.216845,-0.223162,-0.424008,0.0972589,-0.362425,0.0453385,-0.0154824,-0.216845,-0.223161,-0.424009,0.0972596,-0.362427,0.0453385,-0.0154826,-0.216845,-0.223161,-0.424009,0.0972596,-0.362426,0.0453378,-0.0154838,-0.216845,-0.223161,-0.42401,0.109849,0.952252,-0.284835,0.315903,0.238261,0.918378,0.109851,0.952252,-0.284831,0.315898,0.238258,0.91838,0.109853,0.952251,-0.284835,0.3159,0.238261,0.918379,0.109851,0.952252,-0.284831,0.315896,0.238258,0.918381,0.109852,0.952251,-0.284835,0.315901,0.238261,0.918378,1.04203e-16,-0.994659,-0.103211,3.6978e-17,0.103211,-0.994659,1.04518e-16,-0.999808,-0.0195907,4.20982e-17,0.0195907,-0.999808,1.04401e-16,-0.997887,0.0649683,4.7276e-17,-0.0649683,-0.997887,1.03847e-16,-0.988837,0.149004,5.24217e-17,-0.149004,-0.988837,1.0287e-16,-0.972895,0.231248,5.74577e-17,-0.231248,-0.972895,0.351,-0.0750116,0.807619,0.351,-0.0824811,0.814222,0.351,-0.0894347,0.821499,0.351,-0.0957444,0.829332,0.351,-0.101323,0.837594,0.349604,0.101305,0.929504,0.349602,0.101304,0.929506,0.349603,0.101302,0.929506,0.349601,0.101302,0.929508,0.349603,0.101301,0.929506,
0.5,0,0.9,0,1,0,-1,0,0,0.95,-1,1,0,1,0.0972582,-0.362425,0.045337,-0.0154838,-0.216845,-0.22316,-0.424007,0.0972603,-0.362425,0.0453393,-0.0154849,-0.216845,-0.223162,-0.424008,0.0972589,-0.362426,0.0453398,-0.0154826,-0.216845,-0.223162,-0.424008,0.0972589,-0.362425,0.0453385,-0.0154824,-0.216845,-0.223161,-0.424009,0.0972596,-0.362427,0.0453385,-0.0154826,-0.216845,-0.223161,-0.424009,0.109858,0.952253,-0.284828,0.315901,0.238252,0.918381,0.109849,0.952252,-0.284835,0.315903,0.238261,0.918378,0.109851,0.952252,-0.284831,0.315898,0.238258,0.91838,0.109853,0.952251,-0.284835,0.3159,0.238261,0.918379,0.109851,0.952252,-0.284831,0.315896,0.238258,0.918381,1.03451e-16,-0.982382,-0.186884,3.18545e-17,0.186884,-0.982382,1.04203e-16,-0.994659,-0.103211,3.6978e-17,0.103211,-0.994659,1.04518e-16,-0.999808,-0.0195907,4.20982e-17,0.0195907,-0.999808,1.04401e-16,-0.997887,0.0649683,4.7276e-17,-0.0649683,-0.997887,1.03847e-16,-0.988837,0.149004,5.24217e-17,-0.149004,-0.988837,0.351,-0.0669378,0.801611,0.351,-0.0750116,0.807619,0.351,-0.0824811,0.814222,0.351,-0.0894347,0.821499,0.351,-0.0957444,0.829332,0.349605,0.101299,0.929506,0.349604,0.101305,0.929504,0.349602,0.101304,0.929506,0.349603,0.101302,0.929506,0.349601,0.101302,0.929508,
0.5,0,0.9,0,1,0,-1,0,0,0.95,-1,1,0,1,0.0972596,-0.362424,0.045338,-0.015485,-0.216846,-0.22316,-0.42401,0.0972582,-0.362425,0.045337,-0.0154838,-0.216845,-0.22316,-0.424007,0.0972603,-0.362425,0.0453393,-0.0154849,-0.216845,-0.223162,-0.424008,0.0972589,-0.362426,0.0453398,-0.0154826,-0.216845,-0.223162,-0.424008,0.0972589,-0.362425,0.0453385,-0.0154824,-0.216845,-0.223161,-0.424009,0.109851,0.95225,-0.284839,0.315904,0.238264,0.918377,0.109858,0.952253,-0.284828,0.315901,0.238252,0.918381,0.109849,0.952252,-0.284835,0.315903,0.238261,0.918378,0.109851,0.952252,-0.284831,0.315898,0.238258,0.91838,0.109853,0.952251,-0.284835,0.3159,0.238261,0.918379,1.02269e-16,-0.963076,-0.269229,2.68123e-17,0.269229,-0.963076,1.03451e-16,-0.982382,-0.186884,3.18545e-17,0.186884,-0.982382,1.04203e-16,-0.994659,-0.103211,3.6978e-17,0.103211,-0.994659,1.04518e-16,-0.999808,-0.0195907,4.20982e-17,0.0195907,-0.999808,1.04401e-16,-0.997887,0.0649683,4.7276e-17,-0.0649683,-0.997887,0.351,-0.0583843,0.796307,0.351,-0.0669378,0.801611,0.351,-0.0750116,0.807619,0.351,-0.0824811,0.814222,0.351,-0.0894347,0.821499,0.349605,0.101302,0.929504,0.349605,0.101299,0.929506,0.349604,0.101305,0.929504,0.349602,0.101304,0.929506,0.349603,0.101302,0.929506,
0.5,0,0.9,0,1,0,-1,0,0,0.95,-1,1,0,1,0.0972589,-0.362427,0.0453391,-0.0154826,-0.216845,-0.223161,-0.42401,0.0972596,-0.362424,0.045338,-0.015485,-0.216846,-0.22316,-0.42401,0.0972582,-0.362425,0.045337,-0.0154838,-0.216845,-0.22316,-0.424007,0.0972603,-0.362425,0.0453393,-0.0154849,-0.216845,-0.223162,-0.424008,0.0972589,-0.362426,0.0453398,-0.0154826,-0.216845,-0.223162,-0.424008,0.109852,0.952251,-0.284835,0.315896,0.238262,0.91838,0.109851,0.95225,-0.284839,0.315904,0.238264,0.918377,0.109858,0.952253,-0.284828,0.315901,0.238252,0.918381,0.109849,0.952252,-0.284835,0.315903,0.238261,0.918378,0.109851,0.952252,-0.284831,0.315898,0.238258,0.91838,1.00666e-16,-0.936887,-0.349633,2.18889e-17,0.349633,-0.936887,1.02269e-16,-0.963076,-0.269229,2.68123e-17,0.269229,-0.963076,1.03451e-16,-0.982382,-0.186884,3.18545e-17,0.186884,-0.982382,1.04203e-16,-0.994659,-0.103211,3.6978e-17,0.103211,-0.994659,1.04518e-16,-0.999808,-0.0195907,4.20982e-17,0.0195907,-0.999808,0.351,-0.0494149,0.791745,0.351,-0.0583843,0.796307,0.351,-0.0669378,0.801611,0.351,-0.0750116,0.807619,0.351,-0.0824811,0.814222,0.349601,0.101303,0.929507,0.349605,0.101302,0.929504,0.349605,0.101299,0.929506,0.349604,0.101305,0.929504,0.349602,0.101304,0.929506,
0.5,0,0.9,0,1,0,-1,0,0,0.95,-1,1,0,1,0.0972584,-0.362427,0.0453377,-0.0154851,-0.216845,-0.223161,-0.424008,0.0972589,-0.362427,0.0453391,-0.0154826,-0.216845,-0.223161,-0.42401,0.0972596,-0.362424,0.045338,-0.015485,-0.216846,-0.22316,-0.42401,0.0972582,-0.362425,0.045337,-0.0154838,-0.216845,-0.22316,-0.424007,0.0972603,-0.362425,0.0453393,-0.0154849,-0.216845,-0.223162,-0.424008,0.109857,0.952252,-0.28483,0.3159,0.238254,0.918381,0.109852,0.952251,-0.284835,0.315896,0.238262,0.91838,0.109851,0.95225,-0.284839,0.315904,0.238264,0.918377,0.109858,0.952253,-0.284828,0.315901,0.238252,0.918381,0.109849,0.952252,-0.284835,0.315903,0.238261,0.918378,9.8651e-17,-0.903987,-0.42756,1.71173e-17,0.42756,-0.903987,1.00666e-16,-0.936887,-0.349633,2.18889e-17,0.349633,-0.936887,1.02269e-16,-0.963076,-0.269229,2.68123e-17,0.269229,-0.963076,1.03451e-16,-0.982382,-0.186884,3.18545e-17,0.186884,-0.982382,1.04203e-16,-0.994659,-0.103211,3.6978e-17,0.103211,-0.994659,0.351,-0.0400893,0.787956,0.351,-0.0494149,0.791745,0.351,-0.0583843,0.796307,0.351,-0.0669378,0.801611,0.351,-0.0750116,0.807619,0.349603,0.1013,0.929506,0.349601,0.101303,0.929507,0.349605,0.101302,0.929504,0.349605,0.101299,0.929506,0.349604,0.101305,0.929504,
0.5,0,0.9,0,1,0,-1,0,0,0.95,-1,1,0,1,0.097257,-0.362428,0.0453381,-0.015484,-0.216844,-0.223161,-0.424007,0.0972584,-0.362427,0.0453377,-0.0154851,-0.216845,-0.223161,-0.424008,0.0972589,-0.362427,0.0453391,-0.0154826,-0.216845,-0.223161,-0.42401,0.0972596,-0.362424,0.045338,-0.015485,-0.216846,-0.22316,-0.42401,0.0972582,-0.362425,0.045337,-0.0154838,-0.216845,-0.22316,-0.424007,0.10986,0.952253,-0.284825,0.315898,0.238249,0.918383,0.109857,0.952252,-0.28483,0.3159,0.238254,0.918381,0.109852,0.952251,-0.284835,0.315896,0.238262,0.91838,0.109851,0.95225,-0.284839,0.315904,0.238264,0.918377,0.109858,0.952253,-0.284828,0.315901,0.238252,0.918381,9.62667e-17,-0.865048,-0.501689,1.25782e-17,0.501689,-0.865048,9.8651e-17,-0.903987,-0.42756,1.71173e-17,0.42756,-0.903987,1.00666e-16,-0.936887,-0.349633,2.18889e-17,0.349633,-0.936887,1.02269e-16,-0.963076,-0.269229,2.68123e-17,0.269229,-0.963076,1.03451e-16,-0.982382,-0.186884,3.18545e-17,0.186884,-0.982382,0.351,-0.0305751,0.784995,0.351,-0.0400893,0.787956,0.351,-0.0494149,0.791745,0.351,-0.0583843,0.796307,0.351,-0.0669378,0.801611,0.349602,0.101299,0.929507,0.349603,0.1013,0.929506,0.349601,0.101303,0.929507,0.349605,0.101302,0.929504,0.349605,0.101299,0.929506,
0.5,0,0.9,0,1,0,-1,0,0,0.95,-1,1,0,1,0.0972596,-0.362425,0.0453378,-0.0154838,-0.216846,-0.22316,-0.42401,0.097257,-0.362428,0.0453381,-0.015484,-0.216844,-0.223161,-0.424007,0.0972584,-0.362427,0.0453377,-0.0154851,-0.216845,-0.223161,-0.424008,0.0972589,-0.362427,0.0453391,-0.0154826,-0.216845,-0.223161,-0.42401,0.0972596,-0.362424,0.045338,-0.015485,-0.216846,-0.22316,-0.42401,0.109852,0.952251,-0.284836,0.3159,0.238262,0.918379,0.10986,0.952253,-0.284825,0.315898,0.238249,0.918383,0.109857,0.952252,-0.28483,0.3159,0.238254,0.918381,0.109852,0.952251,-0.284835,0.315896,0.238262,0.91838,0.109851,0.95225,-0.284839,0.315904,0.238264,0.918377,9.34824e-17,-0.819577,-0.572969,8.21358e-18,0.572969,-0.819577,9.62667e-17,-0.865048,-0.501689,1.25782e-17,0.501689,-0.865048,9.8651e-17,-0.903987,-0.42756,1.71173e-17,0.42756,-0.903987,1.00666e-16,-0.936887,-0.349633,2.18889e-17,0.349633,-0.936887,1.02269e-16,-0.963076,-0.269229,2.68123e-17,0.269229,-0.963076,0.351,-0.020751,0.782823,0.351,-0.0305751,0.784995,0.351,-0.0400893,0.787956,0.351,-0.0494149,0.791745,0.351,-0.0583843,0.796307,0.349604,0.101302,0.929506,0.349602,0.101299,0.929507,0.349603,0.1013,0.929506,0.349601,0.101303,0.929507,0.349605,0.101302,0.929504,
0.5,0,0.9,0,1,0,-1,0,0,0.95,-1,1,0,1,0.0972589,-0.362426,0.0453386,-0.015485,-0.216845,-0.22316,-0.424009,0.0972596,-0.362425,0.0453378,-0.0154838,-0.216846,-0.22316,-0.42401,0.097257,-0.362428,0.0453381,-0.015484,-0.216844,-0.223161,-0.424007,0.0972584,-0.362427,0.0453377,-0.0154851,-0.216845,-0.223161,-0.424008,0.0972589,-0.362427,0.0453391,-0.0154826,-0.216845,-0.223161,-0.42401,0.109851,0.952251,-0.284835,0.3159,0.238261,0.918379,0.109852,0.952251,-0.284836,0.3159,0.238262,0.918379,0.10986,0.952253,-0.284825,0.315898,0.238249,0.918383,0.109857,0.952252,-0.28483,0.3159,0.238254,0.918381,0.109852,0.952251,-0.284835,0.315896,0.238262,0.91838,8.94092e-17,-0.753057,-0.657956,3.00964e-18,0.657956,-0.753057,9.34824e-17,-0.819577,-0.572969,8.21358e-18,0.572969,-0.819577,9.62667e-17,-0.865048,-0.501689,1.25782e-17,0.501689,-0.865048,9.8651e-17,-0.903987,-0.42756,1.71173e-17,0.42756,-0.903987,1.00666e-16,-0.936887,-0.349633,2.18889e-17,0.349633,-0.936887,0.351,-0.00800235,0.781269,0.351,-0.020751,0.782823,0.351,-0.0305751,0.784995,0.351,-0.0400893,0.787956,0.351,-0.0494149,0.791745,0.349604,0.101303,0.929505,0.349604,0.101302,0.929506,0.349602,0.101299,0.929507,0.349603,0.1013,0.929506,0.349601,0.101303,0.929507,
