0.05336945,0.03165501,0.04082973,0.085737795,-0.09374208,-0.010820062,0.16627073,-0.014355871,0.018320747,-0.001561339,0.041529294,0.013945469,-0.09828286,0.009701561,-0.025623055,-0.0515055,0.02332092,-0.041361835,-0.015050485,-1.858171,-0.014730087,-3.1403182,-0.04543154,0.06993961,-0.001494367,-0.03190528,-0.0019871453,-0.0376532,-0.122165725,0.009012565,0.97504765,-0.023766953,-0.05642263,-0.0055900323,-0.07292717,0.03757074,0.04998316,-0.025393778,-0.061766513,0.01125833,0.042377423,0.054358773,0.012079852,-0.312676,0.006256059,0.1326677,0.03403675,0.031991698,-0.0002954129,-0.044887416,-0.016855573,-0.041294176,0.07873638,0.050039154,-0.023676777,-0.0022598146,-0.012668399,-0.024614997,0.0054352637,-0.57841355,0.036679566,0.003998271,-2.1668456,0.51125443,-0.021501755,0.076427154,-0.4724107,-0.0049309162,-0.0014995357,0.008763673,0.029471675,0.006193511,0.026281796,0.0036542811,-0.00017309729,-0.05096471,-0.020849697,0.14012508,-0.019063797,-0.50998884,-0.028444055,0.00613079,-0.02611832,-0.01166738,0.007025521,0.0041333195,-0.1807746,-0.010795104,-0.031424057,0.025666863,-0.042963773,0.072402455,0.020523205,0.021597907,-1.3422754,0.0007138327,0.005568971,0.10520776,0.05789076,-0.028212618,-0.0013627087,-0.0003736697,-0.012483611,0.0077226423,-1.0357403,0.025404833,-0.042560257,-0.018539658,0.086811416,-0.0011274854,0.060273997,-0.00023422125,0.07061821,-0.21613441,0.001160949,0.0035296616,-0.0023343444,-0.09513652,-0.21055576,-0.017978778,0.052034788,0.0666808,-0.013317762,0.0022684145,-0.17825204,-0.21584326,-0.046927396,0.33596623,0.0029508213,-0.014431466,-0.04355613,0.047303963,-1.1775935,0.06976945,-0.7450807,0.027467353,-0.20219839,-0.04870117,-0.20328368,0.065601826,-0.055615764,0.03849687,-0.046890803,0.010016062,0.06871864,0.053485077,-0.0075783147,-0.97211486,-0.1498044,0.021942468,0.011353087,-0.1850407,0.044277694,0.0029497382,-0.023942271,-0.063282065,0.014940186,-0.020400519,0.045598615,0.021741387,-0.16230157,-0.26126978,-0.016971514,0.023531044,-0.0060070707,-0.06991367,0.098117724,-0.02643026,-0.04217466,-0.1106071,-0.22619094,0.0043709218,-0.004485622,0.0013660599,0.10229311,-0.05233035,-0.26432043,0.06654775,0.0012473013,0.033625163,0.05180186,0.18798187,-0.0014738825,0.03162189,0.04658051,-0.047594424,0.025089188,0.08456059,0.011352638,0.016853971,0.024665155,-0.17214835,-0.27336094,0.054406423,0.09705018,-0.00731278,-0.0691024,0.009545159,-2.5820875,0.0102640735,0.00537275,0.23022485,-0.016067212,-1.2915965,0.035006374,0.022531267,-0.10276218,0.10021732,-1.6415143,-0.05410808,-0.012048514,0.0068303593,0.036665224,0.012355374,-8.974637e-05,0.085310765,-0.014707351,0.13471992,-0.006631616,-0.03552162,-0.008061554,-0.17817341,-0.28499213,0.10373684,-0.055184383,0.035913356,0.102151394,0.030443195,0.012372223,-0.48510194,-0.033947047,-0.07376865,0.0130527085,-0.0015193175,-0.057460647,0.12196813,0.01568699,0.047050767,0.0061489036,-0.0064213765,0.05673053,0.002500948,0.04523764,-0.01602233,0.017725352,0.0745123,0.14420688,0.19569603,0.11817372,-0.042132888,-0.036097683,0.009401147,-0.14625908,-0.0836376,-0.023890696,-0.029300528
-0.04050196,-0.065294884,-0.0508358,-0.04909963,-0.053681586,-0.0009761449,-0.04779598,-0.06650142,0.039366536,-0.015755769,0.036109913,-0.04976765,0.029476445,-0.030044576,0.007851005,0.007174447,-0.036452137,-0.050364316,0.013010365,-0.0037413428,0.05950562,-0.040508203,-0.025142822,-0.09322047,-0.030513557,0.016253052,0.051296737,-0.040206514,-0.010475027,0.0016950592,0.015849436,-0.017462552,-0.047627665,0.017963493,0.03919308,0.029810358,-0.08913107,-0.016260874,-0.039147485,-0.026981004,0.042959705,0.00903675,-0.047117654,-0.013278816,-0.03581725,-0.05524386,0.05482214,-0.008605497,-0.015703171,-0.032796174,-0.005547188,-0.022248358,0.027212806,0.052581735,0.018821172,0.0341011,0.010020729,0.029025206,-0.003936802,-0.015764447,0.008216991,-0.058177818,-0.07089396,-0.06250287,0.05010817,0.01583203,0.017761208,0.04808817,-0.060773164,0.01744587,-0.022033544,0.027200894,-0.04107008,0.014788794,0.046452634,-0.056947116,0.025386494,0.01815724,-0.037175052,0.056607492,0.035292372,-0.011300102,0.028896589,0.020950481,0.013938114,0.005015477,-0.029680427,0.0459946,-0.06338295,0.05625183,0.04471021,-0.06590063,-0.040027793,-0.0104363365,-0.016851196,0.058343112,0.026886472,-0.072571695,0.04927416,-0.02308727,-0.050688814,0.054065645,-0.016832903,-0.05805614,-0.058466777,-0.057186477,0.029295966,0.012610453,-0.048839077,0.01426093,-0.0423738,-0.022175236,-0.06593005,-0.07792798,-0.011305006,-0.018887281,0.005877689,-0.02994666,0.0027483692,0.0038767606,-0.00037364662,0.01647051,-0.02177073,-0.06271019,-0.07934742,-0.071317896,0.018151704,-0.08580781,-0.06311714,-0.014132503,-0.055000976,0.02613074,-0.045573674,0.005794902,-0.028672373,-0.013970661,-0.023613181,-0.05618082,0.0098946355,0.013779344,-0.041979104,-0.104702555,-0.009638162,-0.044659827,0.01473825,-0.03426202,-0.050818987,-0.0064038355,0.014920451,0.03364195,-0.00030178577,0.018936718,-0.07353865,-0.033164427,-0.028521977,-0.017699385,-0.004555851,-0.035886735,-0.010888062,-0.062247306,-0.031188646,-0.00033966266,0.0070744827,0.029291654,-0.003772355,-0.040690236,-0.042234395,0.042289257,0.017619513,-0.041239616,-0.029765124,-0.020720765,0.0012531355,-0.06072628,0.029898038,-0.0902899,-0.042975523,0.02655167,-0.004154572,-0.021868842,0.029818974,-0.029303437,-0.06646712,0.031714536,0.014123836,0.007163517,-0.03369333,-0.009266158,0.005378078,-0.066532575,-0.05345975,-0.06397234,-0.062279817,-0.06524052,-0.0551014,-0.036783945,-0.017890455,-0.046427045,-0.0083668865,-0.011090662,0.017479949,-0.033250023,-0.061707545,0.044839796,-0.013273365,0.0481549,0.0023227606,-0.034697846,-0.023029918,0.0031310124,-0.033326246,-0.094183,-0.035129614,0.010066099,-0.02154836,-0.05125232,0.027830726,0.007327649,-0.012648827,0.044207346,0.023068024,0.051744662,-0.017481424,0.019728145,0.013814997,-0.06632848,-0.0077967225,0.011302534,0.004162734,-0.048755176,0.042734973,0.0039215055,-0.01048433,-0.05798064,-0.09828382,-0.092006646,0.007534015,-0.08288334,-0.044243857,0.041999996,-0.0660577,-0.05160277,-0.023100086,0.05560592,0.014705492,-0.006479656,-0.040178068,-0.019909741,0.020514492,-0.042079113,0.051615722,-0.059164204,-0.004732699,-0.029349096,-0.034637745,-0.00981302
0.034957245,0.012824216,-0.0076165027,-0.04782726,-0.08155611,-0.031667475,-0.008064716,-0.049489368,-0.028300561,-0.085217744,-0.08539662,-0.03669514,0.01076341,0.009897656,-0.06228347,0.0016148388,0.01005245,-0.060554095,-0.013151627,-0.006184197,0.03311821,0.0017350438,0.03160954,-0.01791927,-0.04769106,-0.011210984,0.02222341,0.007435956,-0.007969877,-0.012423024,-0.013435799,0.042824313,0.0379356,-0.08838082,-0.029614504,-0.069019265,-0.07469817,0.041976802,-0.0839857,-0.07887915,0.00643064,0.027205706,-0.05287656,-0.044364557,0.020461276,0.026534284,-0.050885998,-0.04748835,-0.041664578,0.050626583,0.046655998,-0.066720076,-0.022852277,0.028443962,0.05702935,-0.06023772,0.04373324,-0.021872815,0.018120656,0.027074363,-0.0010491229,-0.08626609,-0.05638742,0.03320399,0.040240303,-0.009534217,-0.0055171875,0.017637664,-0.021310018,-0.04029514,-0.040292107,-0.050987042,-0.071057476,0.032784726,0.030936034,0.025394661,0.051117085,-0.029166207,0.037172765,-0.042347856,-0.028117679,0.011483505,-0.032512255,0.054221995,0.04408074,0.036444757,-0.10641642,0.0004690239,-0.05856669,0.032891445,0.008583911,-0.01869169,0.024994455,-0.1270384,-0.07010649,0.02188167,-0.020389594,-0.07662809,-0.028041787,-0.011621963,0.018999504,-0.04663141,-0.016034514,0.0553905,-0.019099895,-0.03356103,0.019457761,0.009160097,0.026086755,0.04372341,-0.03951388,-0.0590671,-0.072973,-0.059556615,-0.05162153,0.017778046,-0.008206928,0.016010962,0.023056876,-0.059214726,-0.06166622,-0.024470124,0.006892279,0.04635345,-0.07385544,-0.035581507,0.011746979,-0.055650216,0.049901947,0.041126546,0.033972844,-0.015756087,-0.10217415,-0.037352607,-0.021374648,-0.04127904,0.0047309147,0.028603256,-0.0663771,-0.061236035,0.004411162,-0.06635071,0.00936861,-0.041137427,-0.039370723,0.022606568,-0.044244025,0.028028786,-0.10109691,0.03739339,-0.025672786,-0.037612297,-0.024923192,0.03981375,0.023427263,-0.060854457,0.044296555,-0.017514031,0.034924902,-0.03728192,-0.03188349,-0.07814326,-0.011866525,-0.03829124,0.013855922,-0.020814015,-0.018870365,-0.05586697,-0.013298959,0.008825147,0.011068691,0.050772686,-0.051615283,-0.083306454,-0.03959905,-0.08088987,0.013854112,-0.03355458,-0.051033307,0.014051186,-0.033253953,-0.0067672175,-0.056389257,-0.051796407,0.01894665,-0.03777238,-0.021424493,-0.032733303,0.007490418,-0.035398882,-0.071865655,-0.0018142066,-0.012179907,-0.034082934,-0.028014824,-0.05386421,-0.11794376,-0.021581182,0.012825446,-0.056758348,-0.040077448,-0.04441864,0.0064252713,0.05436532,-0.076047294,-0.035776395,0.0014070212,-0.059581906,-0.06667638,0.01809953,0.04516846,-0.011407712,0.03166789,-0.029651329,-0.017036192,-0.0019173628,-0.047693558,0.00092231535,-0.012741037,0.042041987,-0.036408972,-0.047259677,-0.0712594,-0.004853684,-0.028258247,0.004446685,-0.07613359,-0.09268006,0.0391166,0.013531406,-0.035467986,0.0020529677,0.023542758,-0.024040371,-0.06863469,-0.08100165,-0.022251515,0.015828265,0.0390655,-0.010133831,-0.040023036,0.022170082,-0.057804223,0.020534143,-0.07990834,-0.026075939,-0.045574155,-0.01643353,-0.02295528,-0.056389295,-0.048682272,0.059704624,-0.019035961,-0.01735605,0.011404314,-0.05214549
0.008758396,-0.08624892,-0.06313163,-0.020362351,-0.006198202,0.02292449,-0.054557744,0.013770837,0.027094923,-0.09156912,-0.05635446,0.016096452,-0.043442152,0.017526465,-0.061046496,-0.053639553,0.0558025,-0.018208617,-0.056093056,0.0047066794,-0.032804266,-0.05979134,-0.038520478,-0.061707236,-0.03963566,0.0052514374,-0.029985284,0.0027188587,-0.018840121,0.02178748,-0.022887092,-0.061282188,-0.019754,-0.020480067,0.051994886,-0.031392526,-0.070095524,-0.00093143084,-0.01605634,0.026027957,-0.010658577,-0.026826918,-0.06853479,-0.02861508,-0.06363064,-0.07127421,-0.040726595,-0.001028718,-0.007436335,-0.015865326,-0.01289659,0.032370377,-0.058831107,0.049814537,0.050642937,0.015752092,-0.011112452,-0.009132698,0.023121556,-0.00090858806,-0.008294036,-0.024261303,-0.018495781,0.020534772,0.033143952,0.02290528,-0.055213705,0.05109351,-0.021285897,-0.056525134,-0.08595613,-0.014511247,-0.050532453,-0.057759754,0.033297982,-0.04799518,0.058182858,-0.0840457,0.011642845,0.028136497,0.034464896,0.0007711351,-0.005383999,-0.040523402,-0.055712238,0.04903431,-0.01602948,0.0021481342,0.020908572,0.014117248,0.06169253,-0.055233918,-0.0363515,-0.020620586,-0.05633729,-0.052154005,0.023320332,-0.06777875,-0.030601546,-0.021646678,0.014931511,0.035252266,-0.02095151,0.045082904,0.04423158,0.061796404,0.018099524,-0.017005518,-0.019278452,0.022098746,-0.05843253,-0.055705883,0.007959552,-0.014867432,-0.062003184,-0.010399468,-0.039851252,-0.075022,0.004779859,0.05672279,-0.0014881417,0.0143674705,0.035082534,0.0061823204,0.025263522,0.014630616,-0.0014811592,-0.05132639,-0.0842209,-0.048732594,-0.048263125,0.03699707,0.012599349,0.03682855,-0.0299742,-0.02879804,-0.00028984994,-0.018923573,-0.040925767,-0.03871718,0.00026938596,-0.040174723,-0.005858392,-0.059906885,-0.051556982,-0.049113546,-0.057757307,0.05890753,0.024934946,-0.052790374,-0.004535772,-0.042197898,-0.07007976,-0.004660003,-0.05627948,-0.00943202,0.0027968585,0.05096984,0.010050043,0.008733124,-0.008440586,-0.09251912,-0.03323382,-0.04293942,-0.015681855,-0.04223435,-0.00016475683,-0.004554227,-0.014006302,-0.016434673,-0.0135848615,0.021219075,-0.015262105,0.015392122,-0.022957493,-0.026397211,-0.051891524,-0.03078442,-0.057150252,-0.05987026,-0.0048109367,0.013425946,-0.035009082,0.049310572,0.032147124,-0.04680556,0.0072714137,-0.0060731405,0.003015833,-0.1013429,0.009713742,-0.020592887,-0.055451624,-0.050456997,-0.035595704,-0.002741935,-0.039462015,0.0044976897,-0.05679496,-0.02501001,0.034804605,-0.0894558,-0.049310435,-0.010803969,0.0012714785,-0.019583594,-0.035889026,-0.031038221,0.054127123,-0.017387457,0.029569626,-0.039735813,0.05047583,-0.052838787,0.024452046,-0.06747755,-0.08256185,-0.023637038,-0.0024842261,0.015185741,0.007546793,0.0031350031,-0.08969932,0.017977599,-0.080572456,-0.02209311,-0.05884187,0.021287695,-0.05806168,0.0011925169,-0.005345605,-0.010049251,-0.0029679164,-0.011264786,-0.022968622,-0.0042731487,0.005285727,-0.013316244,-0.06078779,-0.084053345,-0.1105619,-0.041998155,-0.052605964,-0.014774263,-0.043691855,-0.0030364082,0.0023087047,-0.015051636,0.020877937,-0.03445808,-0.018486843,-0.027129717,0.012308835,-0.046952296,0.044972334,0.0024745266
-0.044685744,0.014610299,-0.05540118,-0.016440464,-0.028243538,-0.0072063506,-0.04893007,-0.012189211,-0.012406893,0.0029021837,0.031891424,0.037434638,0.008101694,-0.03635918,0.038417928,-0.03426952,-0.05285444,0.015116437,-0.00442656,-0.06991391,-0.055032216,-0.08770767,-0.049598724,-0.062085673,-0.0658183,-0.0074638575,0.061809316,-0.0659353,0.032746665,0.018544532,0.016125098,0.004340939,0.0073167086,0.009560919,0.043350123,-0.009834783,-0.04341931,0.0073622316,-0.016228726,-0.071678035,-0.008776702,-0.05124879,-0.021831324,-0.07945766,-0.07137952,0.026530892,-0.0155931115,-0.065920904,-0.05415853,0.03149768,0.037457265,0.0056720935,-0.020383183,-0.026465446,0.02070757,-0.0107985735,-0.00410755,-0.06841371,-0.02361128,0.04660532,-0.05743483,-0.07579295,-0.0096279625,-0.027951075,0.01130823,-0.05709419,-0.061249744,-0.047012553,0.036627553,-0.024204552,-0.093395494,0.03543053,0.045599133,0.048643723,-0.039622203,-0.046233974,-0.045122176,-0.016432233,-0.024911001,-0.0355449,0.011461303,-0.027687214,-0.026046233,-0.039844953,-0.001219295,0.051076367,0.013333592,0.014193108,-0.042225048,0.033313118,-0.033513106,-0.052165184,-0.06952367,-0.034351133,-0.032284804,0.04299064,0.035631128,-0.003043926,-0.046528034,0.03495679,1.998316e-05,-0.0533726,-0.023106307,0.014582649,-0.03685402,-0.051033646,-0.031974815,-0.053611167,0.042891182,-0.021454453,0.018801115,0.03626144,0.01692511,-0.012173158,-0.051083993,-0.029799812,0.038520735,0.001097027,-0.022424323,0.018684722,-0.009911433,0.0070255753,-0.028593116,-0.006862752,-0.0146856755,0.04418325,-0.025124505,0.008678018,-0.001550104,0.016650734,0.058083043,0.014061503,-0.04228075,-0.07324139,-0.042718362,0.017876351,0.04029969,0.054666474,-0.06745932,4.4637978e-05,-0.052572574,0.010371955,-0.08359354,-0.016251002,0.009101055,-0.038353927,0.007790573,0.006134874,-0.028792055,-0.014996529,-0.06067559,-0.05003122,-0.017084042,-0.053836785,-0.0058956444,-0.067629665,0.05695551,-0.044300467,0.05817034,0.019663028,0.019833319,0.003133384,0.05610983,-0.017611803,-0.03301251,0.04031116,0.028871084,-0.006970726,-0.040331252,-0.053027596,0.014069012,-0.034460835,0.052077785,-0.07742157,-0.07317121,-0.083931044,0.0058110477,-0.11100059,0.0132374,0.031566735,-0.014943041,0.026910037,-0.064024664,-0.019075923,0.020288764,-0.04935039,-0.004321999,-0.08603237,-0.0028845703,-0.010062152,-0.057218377,-0.09206074,-0.015361689,-0.04930021,0.028741853,-0.039516833,-0.06475011,-0.048398774,-0.0139856925,-0.06382032,0.03679782,-0.009718121,0.0038440563,0.0042318255,-0.0933314,-0.07288085,-0.01442115,-0.057235263,0.04398654,-0.004919477,0.009568624,0.032104637,-0.026063494,-0.038335152,-0.031008385,-0.050906055,-0.06993446,-0.050402455,0.025499582,-0.05835008,-0.05184295,-0.050494842,-0.019599568,-0.03722661,-0.018843696,-0.016256751,-0.016403146,-0.0061534876,-0.052555338,0.014093452,-0.006295788,0.020480843,0.03756637,-0.03113229,-0.05322359,0.014300141,0.031901322,-0.103871725,0.018130802,-0.07146647,-0.034865875,-0.010052018,0.03180092,-0.03615506,-0.03673424,-0.05902302,-0.0015787879,-0.06105651,-0.052804988,0.010662496,0.046510696,0.058717273,-0.004168126,-0.088869974,-0.018314123,-0.009478462
0.032236632,0.07706641,0.077750295,0.01779533,-0.057018436,-0.049455784,-0.076293424,-0.054309066,0.0154449865,-0.14023183,-0.014363445,0.028573517,0.07343655,-0.10993636,-0.0010606138,-0.012147736,-0.04641396,-0.10182256,0.042911727,0.05114492,0.041548047,-0.05874524,-0.050949655,0.002726169,0.029231938,0.016887223,-0.06138805,0.16823703,0.024820406,-0.040509317,-0.055125494,0.051453896,-0.04708838,-0.05402232,-0.09395896,-0.04674717,-0.09992923,-0.04065846,0.021680819,-0.16882062,0.038160563,0.034290478,-2.1197839,0.008466225,0.022180442,-0.142642,0.042385034,-0.28882945,0.028413054,0.021817038,-0.016837088,0.08856232,0.35398555,-0.015589692,-0.032341354,-1.4069866,0.053241976,0.18506654,-3.0617745,0.009374119,-0.0006859182,-2.1578245,0.0009871487,-0.010858001,-0.0027231814,-0.014604366,-3.1891022,-0.028390484,-0.8836388,0.36358187,-0.030604854,-0.04138584,0.030855427,0.01744017,0.014210692,0.018516518,-0.0039570346,-0.06771926,-0.04813636,-3.0515883,0.031568892,-0.021394726,0.085894294,0.004560436,0.02024393,-0.039665233,-0.052539885,-0.10309855,-0.5547995,-0.016696876,-0.069879904,0.055975657,0.09954845,-0.47648525,-0.08824723,0.050028093,0.0044495743,-0.13394208,0.047315385,0.013338141,-0.1744741,0.013929272,-0.108272165,-0.017691912,-0.25507233,-0.05559302,0.026873365,0.0911212,-0.047512785,-0.041621856,-0.14310351,0.21863036,-0.91161263,-0.05378171,-0.0072918884,0.03658639,0.06854681,-0.018775469,0.02010261,0.056121036,0.020106874,0.12921903,-0.008506221,-0.108765274,-0.06688114,0.16018811,0.05705574,-0.03236109,-0.02385382,0.016501946,-0.028442807,0.0029137367,0.0110140005,0.004246022,0.03741926,-2.262736,-0.0658124,0.028879689,-0.002071344,0.037669946,0.31815252,0.072506055,-0.029009363,0.16004351,0.0061484203,0.18904486,0.026717834,0.011106171,0.17657237,0.062365934,0.014938171,-0.25517324,-0.030463,-0.10410562,-0.046348646,-3.7448168,0.01894173,0.02969223,-0.0016690757,0.017562505,-5.6050053,-0.0453489,0.007979449,0.10299753,0.08523238,-0.054725796,0.12731378,0.005622143,-0.019574832,-0.0076719136,-5.53443,-0.014708929,-0.059439965,-0.1391943,0.049653016,-0.027616419,0.015753757,0.2624586,-2.157957,-0.2920817,-0.03762137,0.054181147,0.7154467,-0.06059873,-0.08021326,-0.048158936,-0.003926595,-0.08453268,0.06447322,0.06350594,0.16472264,-0.114235826,0.12889008,0.30904722,-0.08934691,-0.16554403,-1.4975567,0.12354904,0.15123819,0.13859014,-0.0018850295,-0.012405674,0.1505058,0.74375623,-2.7670588,-0.110767394,-4.3994484,-1.2813324,0.06474612,0.038092304,-0.004187703,0.07716281,-0.016281996,-0.009988005,-0.063611016,-0.9970896,0.1357147,-0.04627301,-0.027103182,-0.41981834,-0.057047892,-0.11860847,0.45750928,-0.429514,0.17900757,0.017257726,-0.14526398,0.15678692,-0.006734039,0.2956524,-1.9906785,-0.13978861,-0.0071726036,0.053655185,-0.023355749,0.06743517,0.16569796,-0.07230256,-0.041899506,0.14750212,0.096257314,0.029074525,-0.018317789,-0.014975044,-0.14815167,-0.12718363,-0.2233439,0.08305964,-0.005939881,0.0044475794,-0.03604804,0.022903513,-3.4548466,-0.07913022,-0.045684397,-0.17255583
-0.034069873,-0.116079345,-0.17753981,0.03185321,0.1467646,-0.010322119,-0.14829367,-0.034724083,0.0022534316,0.14166023,0.036924385,0.042980112,-0.016718952,-0.13222787,0.016985912,-0.009727317,-0.010657804,0.14994684,0.06599731,0.081297085,-0.035661325,0.037981976,-0.016132789,-0.078284666,0.040209025,-0.036643773,-0.018325347,-0.26963058,0.011023269,-0.0034946306,0.060659587,-0.0481977,0.0139709525,-0.18707494,-0.07068108,-0.2648723,0.071673825,0.0077176495,-0.08789114,-0.000107446824,0.045493398,-0.046528406,-0.20220663,-0.102033585,-0.00431177,-0.049851477,0.029455312,-0.23117606,-0.000839401,0.051642224,-0.062922634,-0.032592207,-0.04181573,-0.038833648,0.007759805,-1.1360826,0.0022707547,0.043476917,-0.70741254,-0.01493672,0.020738686,-0.10992799,-0.12217516,-0.012377727,-0.00063825666,0.18439084,-3.1375391,-0.018032406,-0.032006852,-0.319482,-0.22555642,-0.021286009,0.012112989,-0.090043776,-0.04827504,0.020584945,-0.007226516,0.3376142,-0.017736016,0.060754,-0.017827772,-0.027944462,0.031946886,0.04733469,-0.047573417,0.024746561,-0.049894873,-0.052286964,0.029475585,0.009561682,0.06442357,0.020067703,-0.16817862,0.085286714,0.077191435,0.025497036,-0.019249698,0.03052317,-0.08625437,-0.053855803,0.12443265,-0.011559873,0.04258494,0.01981743,-8.719335,0.01955169,0.0030896538,-0.07899138,-0.037571892,-0.06234433,0.010155985,-0.20511879,-1.0662016,0.04319282,0.03806228,-0.061550386,0.018614048,-0.04563726,0.055810682,0.0676878,-0.048492495,-1.3717811,-0.027183024,-0.06343589,-0.04409617,0.11461183,-0.021171689,-0.096425734,0.02983836,-0.03583331,0.03818648,0.043069784,-0.05158659,0.116846986,0.027204012,-0.043726005,0.11688834,0.019918058,-0.031442713,-0.00094052753,-0.20487238,-0.011194247,-1.1593989,0.09169671,0.009561066,0.22041047,-0.026852725,-1.2017474,-0.45196196,0.042411752,0.022730354,0.61851156,-0.029012805,-0.06686319,0.021575116,-11.167934,0.032731283,0.08277349,0.068223,0.045628898,-0.35370374,-0.009951782,-0.013469957,0.030540727,-0.009102506,0.14939025,-0.38301584,-0.014734216,0.0026289392,0.03355662,-0.36861995,-0.031726543,-0.018693691,0.32564035,-0.06585202,0.053410944,0.023780115,-0.245035,0.10791859,0.06083804,-0.036965646,-0.033632364,-1.1756305,0.049911223,-0.059652373,-0.05300904,-0.029036434,0.051697336,-0.107486874,-0.0057536014,-0.11371816,0.074899495,0.11583938,0.08279252,0.047221668,0.0017221349,-0.23393792,0.08286438,-0.4686911,-0.42767847,-0.043788716,-0.06631791,-0.30045924,-3.6072574,-0.13399398,0.059681676,-0.095253855,-0.08510598,0.013754246,-0.08380734,-0.01657638,-0.019208131,-0.020393662,0.13800842,-0.0429195,0.14563623,0.053363763,0.21261513,0.041046966,-0.044379354,0.063798115,0.10135263,-4.086192,-0.8528443,-0.69025964,0.19299774,-0.038627643,0.08073056,0.008369097,0.0619,-0.08358138,0.12557067,0.04226588,-0.0706503,-0.14974786,-0.09023285,-0.106729075,0.21905193,-0.05630743,0.02855761,-0.08237525,0.0003903683,0.072391056,0.10788048,0.15329386,-0.004108655,0.05450875,-0.06742344,-0.11047701,-0.02384886,-0.03645291,0.025742786,-0.24912164,0.17393675,0.035344034,-0.094952255
0.03411175,-0.013609033,0.00078040815,0.020164173,0.011061639,0.035976462,0.026314296,-0.079631284,2.6350044e-05,0.18679452,0.016957672,0.102507316,0.007426621,-0.06690304,0.012601007,0.07451991,-0.009444461,-0.035553217,-0.0010374467,-0.023133405,0.030632796,0.0029972014,-0.011303436,-0.035381816,0.016680948,0.0015198939,-0.04783795,0.07329081,-0.007090094,0.031552754,-0.0708623,0.0019039977,-0.066782616,0.009566225,-0.012768805,0.32735646,0.015039137,0.0027330671,-0.001760659,0.02915364,0.0035864816,-0.0026398366,-0.118291214,0.030853199,-0.0016468677,-0.025285188,0.003478691,-0.3181592,0.06013046,-0.021018643,-0.012386182,0.0069404477,0.04662699,0.018343065,-0.05486907,-0.23420599,0.0015134875,-0.020800851,-0.8752634,0.03493335,-0.028222017,0.028329508,-0.27130803,-0.096263155,-0.012407923,0.039399125,-0.051682595,0.019703973,-0.06764747,-0.04989127,-0.034839936,0.030557347,-0.018493973,-0.005801912,0.039760143,0.04171195,0.00057629845,0.0068234624,0.017720887,0.014608594,-0.017714355,-0.022460543,0.018872341,-0.07037704,-0.03505938,0.036742155,0.004242375,-0.025818748,0.033792216,0.046665706,-0.005506743,0.031619612,-0.053367104,-0.012674704,0.015867157,-0.005810797,0.058906723,0.009649727,0.013578077,-0.010366562,0.05890306,0.07644708,0.059031162,0.035775255,0.007954907,0.1067145,-0.048361357,0.00861062,0.0107315965,-0.024676032,0.029011058,-0.006295919,-0.22548768,-0.0012515098,0.015210599,0.06019141,0.039642822,0.0063747964,-0.024420904,0.049810197,-0.050685152,-0.06271427,-0.03069897,-0.003031086,-0.008845947,-0.031148728,0.018875113,0.07709795,-0.044778533,-0.035211805,-0.057232007,0.060737424,0.0024530871,-0.6715242,-0.00849259,0.0117817065,0.18168554,-0.0030846964,-0.014332918,-0.02391279,-0.014629294,-2.4575346,0.012987641,-0.002220205,0.000789015,0.117579125,-0.06722402,-0.027719809,-0.020754993,0.047846176,0.018504687,-0.025057591,-0.036123503,-0.05989144,0.016765034,-0.04106018,0.014981682,-0.030805588,0.042377573,0.0034137985,-0.009066046,0.005632801,-0.0059813038,-0.000603815,-0.07520474,-0.023477316,-0.076415,-0.030434854,-0.007729195,-0.011247794,-0.38784802,-0.052694157,0.027800107,0.060212824,-0.03505235,-0.03262492,0.0012661117,-0.0615627,0.12048182,-0.22650452,-0.035177186,-0.038010623,-0.0072282753,0.04819045,0.11737428,0.014279226,-0.0068681776,-0.00051669625,-0.20419972,0.010350219,0.006442934,-0.0031235083,0.031262826,0.00036492475,-0.01434668,-0.07985493,-0.029882718,0.04791429,0.036901094,-0.0070940047,-0.003560935,0.012508305,0.0147367045,-0.07903513,0.10851154,0.0027123701,-0.0039268746,-0.010900479,0.00806375,-0.004079171,0.022532474,0.10473967,-0.021254003,-0.0027278329,-0.025974242,-0.008865509,0.0043752226,0.020693788,-0.0063973633,-0.06877768,-0.10789744,0.122666076,-0.03418389,-0.10334314,0.067444235,-2.6356657,-0.05530505,-1.750512,0.07468051,0.089332044,0.03536564,0.016532864,0.042056005,0.08688826,0.0044517107,-0.0097353645,-0.04863265,0.039938014,0.048867084,-0.21881372,-0.003480418,-0.03674736,-0.062292233,-0.0029451249,0.07895888,-0.0130571285,0.00797577,-0.029537506,-0.016230127,-0.03411421,-0.033254616,0.06576407,0.028979084,-0.0009529105,0.0072512263,0.08273689
0.060714968,-0.13582227,-0.013192814,0.013988637,0.013864531,0.072834514,-0.0026572673,-0.022177711,-0.010100049,0.075402305,0.011651271,0.04493264,-0.004644466,0.0009344251,0.027622575,-0.028405702,0.06576964,-0.0032991334,0.017993767,-0.04010109,0.08752345,-0.011720046,-0.007069848,0.018237358,-0.039111167,0.03110181,0.035293266,-0.0011774618,0.0016426116,0.015907323,-0.52287024,-0.025918655,0.0340531,0.07999578,0.062554054,-0.07840831,-0.006981747,-0.0014092629,0.017840743,-0.0033511815,-0.021965245,-0.011829956,-0.9415418,0.003549941,0.007545376,0.015181904,0.020199507,-0.28869045,-0.1066081,0.052876137,-0.033417977,0.008991292,-0.028567996,-0.053187322,-0.004061812,-0.08665629,0.0035385084,-0.40913874,0.0745537,-0.01824704,-0.0007846129,0.010148955,-0.0012531345,-0.06866646,-0.00822985,0.030573683,-0.016431773,0.010180339,-0.012641476,0.05914726,-0.025388997,0.024794374,-0.02253742,0.032223698,-0.074753635,-0.017261475,0.03049528,-0.0077575413,-0.013896055,0.005891782,0.03488587,0.01697179,-0.010481188,-0.029112883,-0.031761296,0.019303475,0.0440643,-0.012372017,0.017139973,-0.01453655,0.048986945,0.0019287713,0.0502301,-0.0048665046,0.0012297841,-0.023435757,-0.055337515,0.003443353,-0.035186566,0.041514225,0.030264072,-0.0048842914,-0.08204426,-0.014113624,-0.00010457202,0.09042473,0.009982841,-0.05853152,-0.020153888,0.0037556738,0.0021773947,-0.0052237296,-0.00811547,0.0023645118,-0.0051792017,0.07302918,0.015764879,0.0034409964,-0.026384024,0.023299688,0.02659656,-0.03829941,-0.0010168888,0.014259787,-0.017798962,0.059989337,0.01890258,-0.21022166,-0.109088086,0.000770651,0.051272344,0.032342665,-0.0032834606,-0.25725174,-0.01772253,-0.00051863265,0.08152263,0.009555427,-0.00084666617,-0.07711292,0.00066144916,0.08422098,0.04640799,0.03761251,0.016301364,-0.06482198,0.003129632,0.026747584,0.08241459,-0.0065744445,-0.027991327,0.13124432,-0.01779774,0.041592885,-0.013132395,0.011614443,0.0017685217,0.0018173627,0.04281798,0.039862536,-0.010016337,0.020633014,-0.01629524,0.008756339,-0.021150794,-0.017966878,0.05631956,-0.027895356,-0.0530627,-0.011873726,-0.10999724,-0.091903046,-0.039488092,-0.006061701,-0.00315232,-0.015177168,0.02842067,-0.04931822,0.03780645,0.026084067,-0.06465273,-0.014035976,-0.010507718,-0.050302915,-0.39063284,0.056589626,0.06810362,-0.05041354,-0.3204023,-0.0067001074,0.0089986045,0.00083683943,-0.0031914217,0.006775459,0.017819421,-0.30438858,-0.020425752,0.0013633369,0.007290441,-0.24213165,-0.0104586305,-0.00017573043,0.050120965,-0.04060121,-0.044635992,-0.0074562305,-0.00046312498,-0.0096872635,0.0047024176,-0.035983846,0.0030731065,0.047742065,0.053813964,0.01885338,0.016203357,0.030917779,-0.025525896,-0.02263399,-0.0042647044,-0.03232712,-0.4494969,0.02172537,-0.0032335224,-0.09493211,0.21678443,-1.8077627,-0.022241337,0.039075717,0.015599712,0.023721185,0.045698855,-0.031174852,0.018721603,0.1640584,0.00025375004,0.008840361,-0.4665841,-0.008281165,-0.009618325,-0.099285096,0.009512223,-0.022027913,-0.041359108,0.02067777,0.25575688,0.030055413,-0.0040109484,-0.008982177,0.011847179,0.039273757,0.03822226,0.024553671,0.0139552085,-0.0045408197,-0.0063253487,0.028180627
0.044296887,-0.31781548,-0.020718096,0.0048700413,-0.02085866,-0.031076377,-0.037567593,0.03935585,-0.040564965,-0.15869844,-0.008029348,-0.118074335,0.006372083,0.14032814,0.057726078,0.08873134,0.02616862,0.07376848,0.03992962,-0.10023221,0.0062032193,-0.029285805,-0.006833667,0.062731,-0.042686604,-0.014025923,0.06352896,0.04518569,0.043730285,0.032287326,-1.0901716,5.289632e-05,-0.011982471,0.15941727,-0.035013184,-0.61130464,-0.006338994,0.054633386,0.03557304,-0.0056044958,0.02065133,-0.059614174,-0.32380283,-0.037731186,-0.03827282,-0.055687763,-0.0070170197,-0.82546717,0.03429998,0.006877628,0.01594007,0.020908996,-0.06345996,0.011735559,0.02935826,0.11756511,-0.05329758,-0.9632929,-0.10953608,-0.063837394,0.04347364,0.026354695,-0.028756721,-0.097324856,-0.03560626,0.08582338,0.05068603,-0.04326073,0.06666956,0.19908012,0.06499376,0.0054163416,0.023018114,0.0037142711,0.0009131724,-0.046371263,0.04032376,-0.07654647,0.035285905,0.016650595,0.012883425,0.037490755,-0.086766765,-0.041102674,0.0318518,0.006193244,0.047510758,-0.0042735254,0.007437224,0.024146007,-0.037469674,-0.0058167367,0.03811578,-0.054051626,0.010205776,-0.02063308,-0.0077133332,0.012957974,-0.0046230853,-0.00023873505,-0.016585642,0.019894868,-0.02171107,-0.08064206,-0.029973846,0.027811699,0.0068570455,-0.06609871,-0.04424103,-0.046005193,0.0134834,0.07304313,0.11395148,0.011763376,0.018667521,-0.06487819,-0.0102800885,0.008317141,-0.0073543186,0.02928829,0.032814946,-0.10410935,-0.036103778,-0.050127685,-0.062603876,0.028113434,-0.07846432,-0.05796076,-0.0096451165,0.026408805,-0.06934807,-0.037671123,-0.001269047,-0.5007614,-0.0059722653,-0.021498568,0.32908046,0.02782627,0.031001776,-0.099296615,0.015291821,-0.1893499,0.016131623,0.013271316,0.009568609,-0.22398706,-0.04490507,0.10740461,0.12124402,0.025071336,-0.024472464,0.14183241,-0.040991556,0.0041735247,-0.0062543885,0.1431055,-0.040449046,-0.016959358,0.07481872,0.014151566,0.007939163,0.05558631,-0.0026746786,0.038103454,0.05692803,0.021673033,0.12072078,0.013950868,-0.036900464,0.017491201,0.13894369,-0.0064440784,0.0073740403,-0.053789314,0.052177306,0.047400363,0.040513244,0.088517524,-0.072740406,0.041707754,0.019260077,0.043195438,0.0010451392,0.042983312,-1.5479687,-0.006701398,0.100316435,-0.12438204,-1.3585535,-0.030579573,0.02678137,0.062261432,0.005151909,0.0012661387,0.03781123,-0.6428972,-0.006197813,0.027130747,-0.012119735,0.20805967,-0.02593373,-0.10774284,0.057445005,0.19729109,-0.18096384,-0.024699626,0.043787487,-0.011092867,0.0016245996,0.009312066,0.0584205,-0.18989103,0.071179286,-0.049599335,-0.019582126,0.07020298,0.01781082,-0.09548685,-0.02972619,-0.14000665,0.10247622,-0.08571164,0.006666582,-0.258892,-0.289655,-0.32023677,-0.04795369,0.016424963,0.054743513,0.038273633,-0.02741506,-0.028675882,0.005705126,-0.18321301,0.0005787512,0.06338667,0.1618298,-0.08121522,0.012461644,0.18964693,0.02157629,-0.028680544,0.01958031,0.0125101665,-0.29990897,-0.006351509,0.02719369,-0.0017433469,-0.0014133684,-0.049898315,0.07170498,0.008744833,0.081775546,0.035912715,-0.0016861851,-0.023945382
0.0170483,0.024114823,0.015630646,-0.07989964,-0.0540228,0.034798525,-0.006344119,0.010061027,0.002965778,-0.08969534,-0.066163994,-0.0044136182,-0.017329171,0.025386235,-0.028456926,0.03869804,-0.03553439,-0.07204807,-0.06404154,-0.000174295,0.010273747,-0.09807177,-0.037110884,0.0062232004,-0.044264976,0.050019108,-0.0146809975,-0.057197146,0.025658198,0.003294453,-0.056201212,-0.0059599727,0.008933447,-0.08694971,-0.041654564,-0.07698828,-0.024117107,-0.068155244,0.004108949,-0.07988374,-0.025902284,0.061779283,-0.053752035,-0.010420511,0.009077916,0.013563007,0.0046672896,-0.024091503,-0.039969496,-0.016481139,0.00891953,0.028582796,-0.011618058,-0.02303049,-0.0040247217,-0.08032373,-0.015287348,-0.00545694,-0.066167176,0.045857582,0.03684723,-0.019667223,-0.11019774,0.037368685,-0.02226737,0.008704642,-0.09424328,0.047040474,-0.021412302,0.02697678,-0.048557762,0.01055191,0.019712016,0.03923085,0.022747567,-0.052759778,0.017153807,-0.010423015,0.0490862,-0.00431268,-0.006815627,0.004965782,-0.02124896,0.055952825,0.017588325,-0.0030786733,-0.06467593,-0.055504702,-0.063149504,0.04918184,-0.053034402,0.005461398,0.035198845,-0.026828295,0.009755448,-0.05216615,-0.014792901,-0.06793606,-0.024050966,-0.023222223,0.033327095,-0.021724144,-0.03150645,0.02554499,0.026875794,-0.041339718,0.033767216,0.033795092,0.0014027655,0.00949892,-0.034086607,-0.030754196,-0.040412273,-0.0013590893,-0.07437822,0.01033859,0.009810424,-0.009518157,-0.013282501,0.056163155,0.0046799853,0.050933212,0.020530075,-0.0090852985,-0.04691422,-0.03490228,0.020035367,-0.08112885,-0.04433305,-0.053034425,-0.0030578673,-0.060292993,0.01290935,-0.023300614,-0.035040393,-0.05135805,0.026911572,-0.05581139,0.01221821,-0.006831623,0.025587317,-0.071654744,0.047263395,0.015529882,0.019080488,-0.04805729,-0.06490231,0.031220475,0.005924604,-0.031147428,0.025661208,-0.048424855,-0.0010431799,0.025103435,0.035746463,0.012522145,-0.029711321,-0.05240652,-0.016844027,-0.050452866,-0.030247942,-0.040880922,-0.054960847,-0.020753846,0.008179205,0.0014591409,-0.032868933,0.026455179,0.037429847,0.011171751,-0.06869727,0.036774702,-0.05529876,-0.023164464,-0.0832173,-0.05225246,-0.081514135,-0.009309642,-0.012015046,-0.033682443,0.02053579,-0.022153327,-0.008118644,0.0016448796,-0.012159375,-0.05022879,-0.024438787,-0.0639352,-0.011872919,0.0154586835,-0.06756146,-0.00792442,-0.029373676,-0.06773268,0.026495825,-0.0482151,0.0029744743,-0.0049934513,-0.03383481,-0.07056143,-0.016992643,-0.015949322,-0.056135338,0.04775304,-0.048286792,-0.027572628,0.011163948,-0.0070114066,-0.02780655,0.044889804,-0.055089556,-0.060964964,-0.0019175112,-0.07343372,0.054612182,-0.057000462,-0.040834695,-0.028667666,-0.0074286563,-0.02133383,-0.007113118,-0.00073342415,-0.087203294,0.009529825,-0.063745156,0.0034369687,-0.002033378,-0.06436299,-0.046855867,-0.03820628,0.002331451,-0.08579653,-0.031600468,-0.011286676,0.050121855,0.039024014,-0.06811566,0.015756076,0.028524945,-0.038103413,-0.05503354,0.011904724,0.008194517,-0.043692917,-0.052268364,-0.027025914,-0.023198815,-0.057640366,-0.06568457,-0.005468873,0.050726645,0.044115953,-0.05910206,-0.03740706,-0.06002826,-0.05826021
-0.028652688,-0.10511032,0.15910342,0.048286956,0.24571908,-0.041379713,0.0093798265,-3.5850198,-0.017336406,-0.322436,0.0140759135,0.07995558,0.05222536,-0.0128164,-0.13091697,-0.055199217,-0.058795296,-0.49108553,0.108966224,-0.07943413,-0.0076159784,-0.043303516,0.031962324,-0.056940835,-2.3052788,-0.02270493,0.046617825,-0.72140527,-0.1322063,-0.059534255,-0.14941199,0.09463053,0.08743515,0.36632335,0.0013759948,0.5068656,0.19351934,0.05229538,0.010527537,-0.31743032,-0.07362303,-0.03894008,-3.55376,-0.07115516,-0.31625545,0.3590368,0.0069085136,-2.6997163,-0.0086464165,0.040510535,-0.00459417,-0.21395123,-0.21132098,-0.04733117,0.040516876,0.054115564,-0.009792359,-0.33171725,0.110401206,0.060349483,-0.40185598,-1.0878928,-0.0004625735,-0.09222676,-0.032438546,0.3088887,-0.011121745,-0.058104757,-0.15387104,-0.04268375,0.17012936,-0.029360324,-0.032708593,0.033257283,0.054264054,0.05678208,-0.014593902,-0.55939573,-0.04162304,0.14089817,-0.0012120754,0.022065012,0.08254232,-0.006874469,-0.045555327,-0.011039054,-0.05061376,0.050067406,-0.4832868,0.012984041,-0.010262329,0.0034521266,-0.18226859,-0.21433769,-0.23792271,-0.06144055,0.0013914049,-0.15550737,-0.0021694195,0.0021740645,0.09724902,-0.10746064,-0.01864325,-0.0583995,-0.074304,0.00022132642,-0.019356422,-2.6154568,0.05388335,-0.014338523,-1.4570377,0.18855797,-0.04889272,-0.0060358155,-0.102821864,0.0352003,0.083380066,0.027664814,0.09450902,-0.04923191,0.0020198599,-0.7635892,-0.04841477,-0.025396321,-0.052025657,-0.20534341,0.048445042,-0.048703663,-0.07525448,0.048803143,-0.04567163,-0.07918367,0.0403852,-0.06724232,0.05993806,0.105742775,-0.06482797,0.051882155,0.15578116,0.14340581,-9.311827,0.24373992,0.2156124,0.0399281,0.09304009,0.12362261,-0.05066917,0.20876443,-0.97792286,-0.061410457,-0.004137501,0.3773689,0.071248434,0.03282437,-0.011685555,-6.180179,-0.021425381,0.059459783,0.026680145,-0.013106352,0.33253914,0.02524179,0.017303035,-0.69619536,0.023159144,-0.08950288,0.05053466,0.05669619,0.0495947,-0.031769082,-1.3593268,-0.021508712,0.062256336,0.18123762,-0.050365817,0.05271469,0.059517268,-2.0478184,-0.15392886,0.39940685,-0.046683557,-0.11939085,-3.4207788,0.008505039,-1.0392197,-0.026412994,-0.02517412,-0.03515269,-4.2272415,-0.23958384,-0.111376815,-0.0034333908,0.11870758,0.061084934,-0.09036873,0.07362179,-0.72445065,-0.635671,0.047300257,0.8640135,0.024211016,0.07967739,0.030202804,0.107820034,-0.0789796,0.103613175,0.4367246,-0.07051485,-0.014687062,-0.04689859,0.049345307,0.19070733,0.049607135,-1.3607537,-0.029234244,-0.030775152,0.11828578,-1.1886488,-0.014339931,0.06482593,0.10194046,-0.18470322,0.19471228,0.053107463,-0.1887305,-0.08103078,-0.23181082,-0.9184921,-0.024120027,0.07250152,0.35369644,0.0010427333,-0.078586064,-8.42246,-0.056642223,0.19773425,-0.4939502,0.123260275,0.032358825,0.017686691,0.22150438,-0.028334243,-0.015542002,-0.060914382,-0.75867116,0.05969564,-0.013960738,0.15396099,0.04946855,0.039585456,0.035886094,0.07270723,-1.5296572,-0.6386334,-0.053939976,0.103306636
-0.013597351,0.02777407,-1.5721517,-0.023865078,-0.02777409,-0.050880432,0.00504895,0.010204266,0.048070252,-0.07381713,0.07563554,0.023087597,0.102571025,0.09037606,0.034134977,-0.046882413,0.022950148,-0.89429766,0.030799124,-0.004687243,0.0965616,0.012957634,0.009685521,0.009803042,-1.3491204,0.047619708,0.073048815,-0.08369853,-0.032809597,-0.077347755,-0.6626907,0.0048559476,0.010878623,0.19079988,-0.006361003,-0.63527375,-0.006891912,0.030588984,0.17497481,0.22764254,-0.061251406,0.071125634,-0.74982256,0.004459287,-2.2271142,-0.54514515,-0.020817019,-0.07677413,-0.01629887,-0.032251664,-0.008874738,0.115166806,0.47973567,-0.0038418479,0.023904769,0.17902656,-0.04135077,-0.4869057,0.23633353,-5.9981947,0.06710844,0.045089323,-0.00058817136,-0.1386995,-0.008488664,0.06430604,0.013164222,0.022553379,-0.47453964,0.21610665,-0.010265814,-0.03050181,0.038662754,-0.0057297754,0.0017532345,0.030054035,-0.024322536,0.24295755,0.004576378,0.018452168,0.027403858,0.035544448,0.120747186,0.011656822,-0.016164107,0.04164073,-0.0061619733,0.010611566,-1.5969299,0.025252594,0.04135831,0.0065183723,-0.047419064,-0.015893063,0.09660394,0.02035667,0.0155640775,-0.18970263,-0.07768683,-0.021911008,-0.18822394,0.07280311,0.013685023,-0.045676306,-0.021991314,-0.023466794,0.060299534,0.01822153,-0.0103588775,0.053917717,-0.14673778,0.007584036,-4.968914,-0.0013211633,0.056009457,-0.0666545,-0.01443415,-0.017868979,-0.017314741,0.037784226,0.06647601,0.30808374,0.015901385,-0.018436264,-0.011257064,-0.028209314,-0.035955925,0.0055501168,0.072894804,0.15855025,0.006855234,-0.046238173,-0.0023208654,0.013946144,0.021038542,0.1942758,0.10373916,-0.009282818,-0.13184671,-1.2980897,-0.90597725,-0.06871482,-1.2824879,0.020497942,-0.11920402,0.029437235,-0.03214701,0.03925433,-0.013682082,0.0139930695,-0.00096093863,-0.80592287,-0.016343754,0.014052324,-0.031958304,-0.59698147,0.018496973,-0.02469626,-0.009921457,0.005077428,-0.14713004,-0.0012386892,0.060415562,0.048202805,0.0050245244,0.02809825,0.065108515,0.0029329655,-0.0033330957,0.079189695,-2.5920348,0.018971974,0.035783395,-0.8457645,0.09275577,-0.00024907183,-0.05144295,-0.38623148,0.10302397,-0.044577822,-0.045624234,0.01324537,-4.2248654,0.041422077,-0.099741034,0.05611837,-0.14959547,0.115476035,-1.4071888,-0.015638467,-0.017782368,0.061974443,0.012956276,-0.02207703,0.0066821827,0.0008734444,-0.033517916,-0.29083982,-0.020795094,-2.095429,-0.0013711364,-0.0024102533,0.14612205,-1.5885148,-0.05514548,-0.4255722,-0.684393,0.022359947,-0.0347298,0.04539277,-0.030925654,-2.1677,0.0029450953,-0.2898774,0.051795304,-0.020739412,0.07167041,0.0022259695,0.049839295,-0.03317888,0.30790463,-0.019202657,0.0666458,-0.111902595,-1.696704,-4.25335,-0.006032289,-1.2732202,0.0783832,0.11734067,-0.085202314,-0.017156594,-0.081781626,-0.70131654,-0.0018340598,0.21532284,-0.6695039,0.061416484,0.04596125,0.022015858,0.006173716,0.002375172,0.004266054,0.0614017,0.028364995,0.075579666,0.021985928,-0.039180256,-0.0018333979,0.053112894,-0.063841954,0.019330839,0.2268009,0.32123908,0.09040472,-0.090620436
0.010525536,0.033693057,-0.06325506,-0.0076372772,0.030032048,-0.009166624,-0.009111443,-0.1573868,0.04475992,-0.0063696685,-0.0613831,-0.10366887,0.32120663,0.19521187,0.04046632,0.019053282,-0.04016158,0.026866715,-0.19862673,-0.02377443,-0.018790087,0.008015028,-0.063434854,0.0074118073,-2.5625458,0.028542237,0.012536171,0.47553712,-0.049481355,0.01099298,-0.38824168,-0.020350978,0.038949292,0.009922532,-0.011200578,0.21367179,-0.01721665,-0.028850459,-0.309429,0.039459936,0.04595986,-0.007516463,-0.03442656,0.016672077,-0.15215214,-0.00036719246,-0.05525081,-0.46930182,0.016830284,-0.04891198,0.0022409563,0.0072867135,-0.1450426,0.009954359,0.0049674413,-0.52970725,-0.0032798306,-0.029410884,-0.0022287217,-1.0215086,-0.075660214,-0.58287674,-0.00882753,-0.19759607,0.0486675,0.14239755,-0.010421505,-0.0379505,-0.36063308,-0.014113278,-0.024430458,0.015356767,0.035009176,0.04799522,-0.03240823,-0.050184723,0.05888815,-0.0018261526,-0.062467888,0.06971295,0.04160194,-0.059058618,0.36813208,-0.031311937,-0.06361768,-0.017399587,-0.035598814,-0.008394781,-5.574646,-0.04314732,-0.009690377,-0.06184071,0.10417091,0.00829036,0.02742473,0.016459038,-0.07220335,-0.028644532,0.04915993,-0.013842196,0.3635228,-0.036992297,0.043919347,-0.022750882,-0.0087358095,-0.04268024,-0.0066837166,0.021424774,-0.012864205,-0.020644095,0.4254439,-0.05517746,-0.10654393,-0.01675448,-0.030864859,0.0075618103,0.023434645,-0.013884464,-0.049833663,0.030836573,0.02122703,0.06544597,0.026369926,-0.04229925,0.039203193,0.08618407,-0.03326404,-0.016926313,-0.25558478,-0.060818397,0.008974064,0.0070447573,-0.0018255258,0.01940264,-0.021308567,-0.96291727,-0.62345403,0.052063942,-0.072391264,-0.18875554,-0.18603648,0.011971911,0.034058087,-0.0096140755,-0.11861273,0.06742655,0.039210454,-0.011427945,0.05224043,-0.03783963,0.052184314,0.102028966,0.035906166,-0.053044435,-0.022129878,0.0057021077,0.084984384,0.0061685853,-0.009406396,-0.05994086,-0.08678575,-0.00020251324,-0.024123631,-0.030730918,0.08242605,0.18421003,-0.00039840935,-0.024228876,-0.065860644,-0.052227695,0.0010327,0.09905955,0.011776072,-0.08279444,0.00033107778,0.044705544,-0.0025674452,0.25828645,0.049418822,-2.63873,-0.05305553,0.02202058,-1.1741261,0.018337172,-0.010645435,-0.034728885,0.076479614,0.0880387,-1.5333122,-0.008726398,0.05798274,0.03702623,0.0073920526,-0.0070209308,-0.068192825,-0.03194483,-0.0014784245,-0.024214573,0.0050837165,-0.071298756,-0.038495082,-0.027696578,-0.8652476,-0.31166655,0.046284296,0.17175412,0.019687977,-0.05204988,-0.0088197505,-0.036761615,-0.00923758,0.03475874,0.02986069,-0.03810405,0.09320736,-0.033740167,-0.43873653,0.04753079,0.045714494,0.010796389,-0.07246838,0.014827311,-0.031159472,0.0056152614,-0.028771143,-0.27179745,0.025585983,-0.12637457,0.017006505,-0.013200646,0.041711587,0.0079207765,-0.031915627,-0.10239122,0.048385452,-1.1707695,-0.07950894,0.050603904,0.02261338,0.039554432,-2.2096956,0.03765467,0.046160605,-0.017538926,0.047786217,0.017403902,-0.048617285,0.032559123,-0.0023315297,-0.04302721,0.043967564,0.024636462,-0.03313208,0.19897595,-0.009160262,-0.072400324
0.0018187381,-0.005939786,-0.37062642,0.007932244,-0.04228525,0.056237597,0.06211191,-1.4879026,0.03256458,-0.033505842,-0.0018175615,0.062107578,-0.7127751,-0.36686125,-0.03539314,0.0032960507,-0.00652921,0.038670085,-1.4167249,0.0042741294,-0.074198,-0.0214638,-0.0060808584,-0.036648434,-2.7221596,-0.017256776,0.058081377,-0.8926067,0.048967928,0.05023169,-0.585939,-0.053046733,-0.057500623,-0.11885745,0.018112933,0.2399621,0.086769655,0.036950245,-0.16636279,-0.02262969,-0.020289209,-0.014055569,0.024568526,0.031280722,0.062138837,0.12124191,0.056538925,-0.13903116,-0.0012774736,-0.054101877,0.061168484,0.027483054,0.06556265,0.041780677,0.021156546,0.117098525,-0.067494504,-0.39413872,-0.0064378926,-0.4958311,-0.09688949,-1.6677992,0.009865493,-0.27097112,-0.0100473575,-0.2361208,-0.023494808,0.024080655,0.18749347,-0.08722676,0.006990942,-0.05745257,-0.047951937,-0.06397536,-0.08853742,-0.023191778,0.026998008,0.19483078,0.058786377,-0.096491784,-0.025901247,-0.05839392,-0.2576487,-0.0015350375,0.0014141584,0.050941497,0.024478015,-0.054439932,-1.838432,-0.0058922214,-0.05215341,0.11040087,0.051314585,0.020509185,-0.13454026,0.010342591,-0.01819671,-0.010130792,-0.035703197,0.029627545,-0.43551356,-0.048104987,0.021962596,0.008524975,0.021415707,-0.0776995,0.0069292486,-0.053353116,-0.043800585,0.03741826,-0.4876579,0.1481595,-0.33297992,-0.0039995583,0.023201723,-0.057813995,0.059146233,0.011586643,0.037779972,-0.015478825,0.01292153,0.109446846,0.042427644,-0.015986627,0.036983732,-0.16232376,-0.05917368,-0.062997274,-0.7479408,-0.8628138,0.016280388,-0.004106757,0.027247963,0.03165528,0.011747985,0.044685412,0.057560623,0.03663915,-0.027519671,-0.4299422,0.10689678,0.049393676,0.1417687,-0.0032423658,-0.014649396,-0.15066692,-0.058961757,-0.0878511,-0.09042783,0.035511203,-0.021782722,0.020760596,-0.07398516,0.025595784,-0.07775542,-0.0139886765,0.045932956,-0.03214982,-0.031251118,0.0018008874,0.077069566,-0.04979454,0.050228983,0.0024144102,0.011084022,-0.24562787,0.075427026,0.0053738505,-0.023783049,-0.0357474,0.0334291,0.027686944,-0.055769075,0.062354345,0.014863621,-0.02797485,0.0066331187,0.036322698,0.011626758,-0.31616038,0.028106613,-0.10063307,-0.072957195,0.030261891,0.10146183,0.05126282,0.0010293302,-0.030317806,-5.4297457,0.052123852,-0.07028885,-0.012189322,-0.053363208,0.00053392607,0.03512525,-0.122829735,0.0537523,0.12929817,0.026387531,-0.01602263,0.08795363,0.051890336,-0.5943205,0.48232147,0.030673575,0.21160987,-0.09590651,0.07569294,0.049811766,-0.0055792034,0.0472863,0.27402154,0.041378677,0.052625854,0.025106046,0.040108334,0.044924892,0.018804532,-0.015892265,0.027515508,-0.03851305,0.038634527,-0.010545547,0.111410975,0.010686076,-0.037547,-0.04110265,-0.29466584,0.028079081,-0.009541061,0.17241123,-0.0063604955,-0.07613828,-0.013258137,0.11376684,-0.75134635,-0.090638876,-0.2217242,-0.034756377,-0.03430678,0.18805334,-0.059076075,-0.072505794,-0.01919784,0.048983775,-0.046563625,0.110839486,0.03148005,0.016584896,-0.008838788,0.015597254,-0.014871507,-0.099793196,-0.19318898,0.017381229,0.112579465
-0.13010989,0.00368221,0.027986372,-0.097864896,-0.022414118,0.0077244123,-0.0013444651,0.0134946015,0.019026324,0.009539,-2.698849,-0.52401304,0.08850867,0.00095398404,0.025931861,0.012624122,-0.04702421,0.006883785,0.00077450275,-0.009873576,-0.078182526,-0.012256508,-0.03975627,0.028872514,0.0003611974,-0.024240755,-0.14098226,0.00020036503,0.029118238,0.05916328,-0.058546036,0.037796684,0.02533047,-0.012635175,0.11955389,-0.02144476,0.0139236655,-0.029809248,0.008354875,-0.03654924,-0.002495867,-0.069353715,-0.006787323,-0.113832384,-1.0027643,-0.07298884,-0.020684592,-0.0061312444,0.0058185193,0.038634926,0.038298525,-1.0215765,0.0032027946,-0.04085808,-0.04538372,-0.0007753436,-0.04288257,0.0071768025,0.0024895573,-0.19762494,0.47987148,0.003289601,0.01715202,-0.071045585,-0.022925885,0.006311521,-0.00093011366,-0.026447544,0.003384434,0.024018245,0.25112978,0.020058062,0.05172182,-0.017142562,-0.058443204,-0.029694293,-0.022361219,-0.00030360994,-0.03246345,0.027119163,0.018545344,0.029831896,-0.016073564,0.04809192,0.013525243,-0.012406217,-0.004051967,-2.4938018,-0.005714113,-0.023058541,-0.007616344,0.049499508,0.02265168,0.08898418,-0.0053414684,-0.044104636,-0.013841946,0.0074166455,-0.024725184,0.011008312,0.16586001,-0.04005261,-0.028948547,-0.00899975,-0.055204395,-0.04383697,-0.009971275,-1.028416,0.0020121187,-0.004861231,-0.026843952,-1.0137223,0.010399968,-0.021591933,-0.07634676,0.01961198,0.105513126,-1.5054868,0.015331157,-0.053001326,-0.032659944,-0.005272993,0.04813697,0.07836007,-0.0050908653,-0.023865495,-0.020325568,0.05282092,0.14865696,-2.4623983,-0.008234831,0.039024945,0.042952288,-0.084113814,0.00823143,-0.0051761805,-0.0033878868,-0.046526242,0.008450072,-0.010747107,-0.029928956,0.24523792,-0.0012768875,-0.0012425089,-0.03555776,0.009659879,0.01645081,0.39874578,-0.012342038,0.02236041,-0.03246782,-0.0069480725,0.1825649,-0.016272083,0.040054094,-0.018117243,-0.005991417,-0.052928347,0.02340832,-0.050784152,0.005138317,0.003955723,0.039899167,-0.018799497,0.006909633,0.020963876,-0.30059043,0.07064251,-0.0666757,0.06487694,-0.0039168717,0.033342447,0.020359801,-0.01201542,0.3721196,-0.08335265,-0.023156699,0.00023666571,0.013574229,-0.022592027,-0.040500376,-0.0035804813,-0.004429351,-0.050390095,0.0073600328,-0.0014982342,-10.147037,-0.033005625,-0.0008324251,-0.8149016,0.035958264,-0.00033074297,-0.013979936,-1.3938041,0.035380267,0.09954282,0.0063440413,-0.02160501,-0.023002189,0.0067867595,0.010124726,-0.06790985,-0.0036556048,0.11372327,-0.005824592,-0.04399455,-0.00134491,0.00040194887,-0.04984739,-0.00023799737,-0.024341997,-0.0010612318,-0.023145141,0.07006625,0.02325676,0.00020253354,-0.003207127,0.0032724596,-0.030105876,0.0075708986,0.017625496,-0.031523034,-0.0037360708,0.00016386106,0.009986528,-0.0014061583,0.0005068536,0.004737356,0.014415199,-0.008809149,0.03620544,-0.70004106,-0.027229324,-0.014496927,0.036428377,-0.0115269255,0.0021963427,0.47932956,0.040362492,0.0030264396,-0.0018092903,0.092208095,-0.026840342,0.013263821,0.0020871833,-3.5335813,0.0067452868,-0.0037596854,-1.1297224,-0.0061372775,-0.020289341,-0.054061174,-0.006366421,-0.013510267,-0.017683782,-0.028695289
-0.030648539,0.0054939175,0.06293145,-0.14181463,-0.01862493,0.019729987,0.0010096683,0.016974876,0.053836137,0.009294137,-0.19115141,0.013102265,0.027570939,0.0014448691,0.02906338,0.025530534,0.08886394,0.007131005,0.02693058,-0.018204376,-0.007061219,-0.011208239,-0.042573597,0.007139463,0.0019073718,0.056474928,0.06280934,-0.012791988,0.046559114,-0.017365403,0.07482485,0.08659168,-0.021199044,-0.010195384,-0.021264412,-0.013163063,0.023461867,0.06165853,0.01918869,-0.043815076,-0.037621215,-0.0128748715,-0.0024027592,-0.05503879,-0.11443931,-0.035749484,0.0025007806,-0.0058172666,0.0018584605,0.050198298,-0.023070123,0.064663075,0.0049434095,0.0014400706,-0.028302576,0.0019398251,-0.04400562,0.0055101556,-0.0028863656,0.12688683,0.16534503,0.009026655,0.02588047,-6.0573363,0.017221972,-0.004071165,-0.0062561897,0.027500046,0.004157767,0.057588868,-0.10178871,-0.018118855,-0.034975,0.009666679,-0.060288396,-0.02143803,0.046914827,-0.0019505362,-0.044232797,0.05251511,0.056959804,0.01970357,-0.0072751557,-0.11898792,-0.026795631,0.049391497,-0.016704533,-0.18836692,-0.011433502,0.0011639468,0.0005902552,0.08857063,0.022577628,-0.051233422,-0.0033314903,-0.016202003,0.050745763,0.0054103634,-0.02731946,-0.031939283,-0.47291085,0.06891703,-0.0063178544,0.096579455,-0.077257685,0.053107604,0.020062685,-0.09370673,0.024701137,-0.04602141,0.039643195,0.18531604,0.018913662,-0.018227622,-0.13611084,0.075235635,-0.08762454,0.016169975,0.007850687,0.0025317378,-0.023381323,-0.00886004,0.00017624909,0.048002966,0.0018232303,-0.025583617,0.024028812,-0.023163255,0.0833813,-0.1867675,0.01698816,0.034145772,0.00022051868,0.026387058,0.028526045,-0.0046995976,-0.012095544,-0.022572981,0.16223204,-0.02749382,-0.038673185,-0.009626691,-0.0068411934,-0.020810647,-0.052284703,0.007692061,-0.036133926,0.03662,0.0027644935,-0.015861219,0.048969608,0.006253221,-0.31113672,-0.028533727,-0.08349807,-0.0099874325,-0.059882555,-0.013587016,0.06586017,0.04043946,0.001271525,0.0012164795,0.0037553108,-0.06982865,-0.0070641516,0.031563256,-0.021616464,0.029145978,-0.035005525,-0.07094881,-0.0057777935,-0.045233745,0.026050545,-0.011869756,0.0069465186,-0.12925741,0.0035766712,0.0013604114,0.0010988489,-0.0378698,0.003124288,0.0051373774,0.0014602313,0.010994814,0.0010603175,0.0038742532,-5.14628,-0.035438973,-0.003090383,0.002575821,0.06973598,0.0049254526,-0.0043120496,-0.11006052,0.055952102,0.11210295,0.006701871,0.040743235,-0.02868406,0.00809845,0.06267703,0.0008102915,-0.002413233,0.05480012,-0.00056539034,-0.090165496,-0.0035714912,0.0013715999,-0.07863505,0.046296805,0.065614104,0.0031795236,-0.032327954,0.044762354,-0.03955385,-0.0070196297,0.020804858,0.006808122,0.008639712,0.014918868,0.013493774,-0.043471683,-0.002078846,0.0035124638,0.015276955,-0.0022913984,0.004287542,0.012511635,0.018097695,0.0018616392,-0.006932655,-0.005010228,-0.042573236,-0.018171672,0.057373714,-0.008697112,0.0030225608,-0.022715794,0.07344926,-0.0032177297,0.0065075103,-0.09361437,-0.0048213876,-0.029785093,0.0033565646,0.036106553,0.007062251,-0.023741845,-0.13566573,0.06503721,-0.0036430832,0.039025314,-0.0111104995,-0.015811188,-0.023086004,-0.12893394
0.013223307,0.003234803,0.02182618,-0.5156726,-0.005474342,0.039818443,0.003940143,0.0056617046,-0.056464072,0.002278133,-0.26205507,0.01949252,-0.023296095,-0.007238814,-0.062561356,-0.054580044,0.053515732,-0.004013581,0.0013564981,-0.002909356,-0.03145959,-0.037521165,-0.023632385,0.033492543,-0.019688569,-0.017374307,-0.07151524,-0.010608213,0.009938568,-0.01471652,0.054307636,-0.028642822,-0.0057226755,0.017030813,0.079434894,0.005949696,0.027217064,-0.055986952,-0.00023040183,-0.01188215,0.08672975,-0.056737386,-0.012000507,-0.04607112,-0.058989514,-0.018342957,-0.0446185,0.0009959358,0.022993809,0.04295452,-0.028261239,0.07951893,0.0035190396,-0.022667833,-0.09527041,-0.0030712392,-0.025513459,0.00838285,0.0016465518,0.10036595,0.06429155,0.006592954,0.0022239739,-0.34046534,0.038533274,-0.012809346,-0.0041939234,0.019248275,0.008743086,0.09917891,-0.026961502,-0.013217815,-0.045040388,0.04884352,-0.052580595,-0.05198488,-0.029074684,0.001983931,0.0007993734,0.06007813,0.007663732,-0.050155632,-0.0006895451,-0.0259333,-0.036447443,0.03124747,0.0072396477,-0.4091627,0.006778553,-0.0061605778,-0.062524706,0.056824736,0.02498765,-0.005135804,0.004996423,-0.040103227,0.048179038,-0.00885197,0.009194825,0.037416466,-0.1530378,0.016974745,-0.01237753,-0.008563589,-0.053677265,-0.096307255,0.028211161,-0.00187922,0.011944606,-0.032007303,0.03668383,0.008869757,0.012976122,-0.008406372,-0.13658282,0.05009038,-0.15382318,-0.0044840267,0.0036601494,0.0031555903,-0.03941027,0.0015819201,0.013695049,0.050662465,-0.015021435,-0.0132929,-0.041012853,-0.0009425565,0.15673906,-0.037321247,0.038407605,-0.0052521224,0.013817106,-0.0082959635,-0.012161303,-0.006376096,-0.03271726,0.053692907,0.122129515,-0.003786702,-0.037935667,-0.058410734,-0.007044322,0.00012600634,-0.05072265,0.022881195,-0.050902244,0.109927416,0.005145504,-0.008855536,-0.0014598261,0.011666749,-0.041080672,0.058779813,0.023218483,0.0017686378,0.018114788,0.041546844,-0.021905402,-0.058061626,0.0007518007,0.00065474754,-0.05082815,-0.13217768,0.01244374,0.02854886,-0.00089999544,-0.04988694,0.019405281,-0.24077368,-0.005570441,-0.030651785,0.032130253,-0.00043644686,-0.02167662,-0.015227196,-0.014070599,0.0040180837,-0.0065671713,0.009592683,0.048073914,-0.006673398,0.0026775592,0.010460824,-0.0031485532,-0.054692306,-0.70937276,-0.008870526,-0.00037041042,-0.0061383015,-0.21309051,0.003723619,0.012839153,-0.027010394,0.102229804,0.046761733,-0.0022978033,-0.036217704,-0.003915084,0.004628584,-0.046433713,0.016545767,0.0015048353,-1.3617972,-0.0013331022,-0.022970533,-0.0013132645,0.0021786615,-0.22546244,0.00934351,0.044554118,0.0015172373,0.017734015,0.0013201684,0.045243785,0.002815872,0.054395925,0.00035476068,0.054058,0.013346061,0.0006861421,0.0015049949,-0.003062425,0.00738039,0.004004666,-0.004390476,0.00080568105,0.021278352,-0.0016665476,0.0077743125,-0.039189707,-0.041179903,0.00966664,-0.006641042,0.15218565,0.0024889752,0.00032241104,-0.0024751984,0.008016294,-0.004221404,-0.013683324,0.05624249,-0.023476409,0.010435757,-0.0100952275,0.026490951,0.0022091912,-0.05645359,-0.118525326,-0.021303484,0.05604852,0.009816489,-0.0061842133,-0.012413632,-0.037251413,-0.05648574
0.010513071,0.0093171485,-0.0007096344,-0.46122786,0.020959683,0.023803197,0.0015042925,-0.0018700226,0.020451685,0.003462181,-0.34067684,0.030212313,0.003646765,-0.0139307,0.008391108,0.0039246357,0.040753156,0.014829652,0.015710076,-0.001570475,0.0362584,-0.23501478,-0.06335088,0.06668013,0.010710641,-0.024185957,0.010086151,-0.00030111044,-0.004533816,0.08868014,0.09722566,0.053008594,-0.03226158,-0.024737315,-0.027561216,0.0023068453,0.008500757,-0.040362146,0.00873567,0.017429926,0.007941225,0.056554675,0.00040448303,0.0047127474,-0.044290204,-0.001388189,-0.0041838842,0.0023517155,-0.010183969,0.038246527,-0.024070678,0.027252678,-0.0013296098,-0.032159545,0.04965557,-0.0031125522,-0.053861815,0.003236499,0.008508998,0.10066731,0.11188248,0.0031770794,-0.0008152972,-0.097823225,0.013475958,-0.0056193005,-0.0010507881,-0.05286607,-0.00075870694,0.034800984,-0.00537037,0.010925841,-0.053722918,-0.017190572,0.021514896,0.029090475,0.03549768,0.0067558675,-0.042739052,0.07200832,-0.0030687116,-0.030002972,0.011437851,-0.039056826,0.016988825,-0.032859325,0.013456196,-0.3103184,0.0039561936,-0.110739954,0.03585613,0.011156134,0.00879622,0.016950477,0.015770353,-0.0035899505,0.04296545,-0.00947537,0.06894819,0.009789858,0.17151278,-0.118507974,0.012159351,0.07537127,-0.09670734,-0.10048418,0.017627722,0.017216064,-0.0018829126,0.044913463,0.020908756,-0.065464154,-0.007569702,-0.0011941461,-0.19815098,-0.0052521657,-0.3160378,0.002360936,-0.0014297698,-0.06390408,0.012266107,-0.008079672,-0.056520257,-0.016451767,0.010586466,0.0021648027,-0.014959659,0.0043157614,0.039940763,-0.11661491,-0.0033055823,-0.037669573,-0.050484605,-0.0064133927,-0.0022480804,-0.00925434,-0.029453518,0.0084128175,0.1465973,-0.05588029,-0.040165257,-0.012164272,-0.004023237,-0.058499154,-0.020776607,-0.01288098,0.05249253,0.17981677,0.0009848889,0.05822209,-0.08496174,0.013646618,0.06538174,0.0046300525,-0.040709503,0.0018577849,-0.08806122,0.06466186,-0.0534406,-0.014316922,-0.000642259,0.0045273276,-0.02285942,-0.25355643,-0.04884092,0.025201978,-0.016547961,-0.056599576,-0.020961892,-0.3648831,0.0027469469,-0.048803,-0.034196842,0.0033382298,-0.057723984,0.055350192,-0.021618959,-0.0005891685,0.004967922,0.0095467055,0.037449088,-0.0027176854,-0.0027415573,0.0013969988,-0.008567163,-0.019518469,-0.21591996,0.0108817695,-0.00060134055,0.0050801015,-0.22194907,0.010919653,0.008079935,-0.06605195,-0.022251664,-0.3719222,0.00026170572,-0.09038562,-0.012797237,-0.0013130107,-0.012538706,0.011551762,0.011612416,-0.046108786,-0.00030597064,-0.06448513,-0.0041351314,0.0044413996,-0.3518301,-0.046016544,0.046696957,0.00075381156,0.07044582,-0.042126592,0.0019210194,0.011947044,0.07372335,-0.006041015,0.03077388,-0.0007194359,0.014103367,0.051145844,0.0011096094,0.0003495341,-0.0030038457,0.011918458,0.00026062617,0.020940302,-0.0276814,0.008243199,-0.037872843,0.06982214,-0.026420962,0.009563637,0.14510985,0.0068055647,-0.005468706,0.011109319,-0.031802114,-0.00092083483,-0.006920946,0.047436714,0.011001013,-0.017954543,-0.0057849637,-0.007210683,-0.011677373,-0.036334567,-0.07089411,0.010397809,-0.051249903,-0.045827623,-0.0051888074,0.0026095577,0.031680737,-0.08228732
0.0061558313,-0.065422155,-0.053040184,-0.49166048,0.061328895,-0.015426174,-0.0046252306,-0.066314064,-0.009144959,0.014872095,-1.0215282,0.026535098,0.005162395,-0.006935976,-0.07955689,0.009108431,0.08118345,-0.01731459,0.0021001657,0.011158265,-0.047447056,-0.42287645,-0.051878158,-0.1404722,0.021752635,-0.07418242,0.019952964,0.04384835,-0.046100494,-0.0072877975,0.2387066,0.022679018,0.046867922,-0.06587974,-0.025465831,-0.014390434,-0.105539985,-0.026501417,-0.008811764,0.14516202,-0.027084919,-0.012945123,-0.009613263,0.012360871,0.027481604,-0.06726812,0.023248242,-0.0052328305,-0.04258832,-0.060113452,0.052028712,-0.03807279,-0.023643285,0.017742343,0.013219226,0.004037334,0.031057443,-0.020730503,-0.009028328,0.09831869,0.12688498,6.449993e-05,-0.008394681,-0.33195734,0.033043288,0.020627102,0.0043464196,0.075144686,0.00426626,-0.4854933,0.032868076,0.003572488,-0.041516658,0.01740981,0.025597345,-0.0540221,-0.00668618,-0.0016183021,-0.05130596,0.11365869,-0.014977992,0.005092647,0.046339728,0.00033237756,-0.018424137,-0.07626191,0.03918675,-0.31779096,0.006569511,-0.021352023,0.026841396,-0.31939107,-0.07347362,0.037810635,0.005050586,-0.027519543,-0.040756427,-0.02561268,-0.008172464,-0.027903745,0.14734618,-0.027353365,-0.04425219,-0.03334776,-0.21621035,-0.04632891,-0.047164112,0.052171744,0.018842226,0.053650584,0.024864998,-0.09551028,-0.010807672,0.026173841,-0.35917145,-0.039898682,-0.31405225,0.083546475,-0.004743618,0.08147053,-0.006962031,-0.039884094,-0.11423116,0.010606364,0.018309586,0.018587152,-0.0062653706,0.010826484,0.025187355,-0.27378005,-0.019180927,0.007340439,-0.17694055,-0.0148227615,0.040799018,0.015878929,0.06386903,-0.087470256,0.23126046,-0.10137338,0.023251157,0.116108336,0.001986959,-0.15215077,0.1742809,-0.024353513,0.0069283773,-0.60863996,0.021996679,0.0015878994,0.0002702252,-0.054433912,0.121452466,0.008489321,0.04754764,-0.0055155116,-0.043151364,0.031723943,-0.06556133,-0.071438484,0.00761115,0.022219446,0.04986792,0.09604933,0.04900037,0.06271019,-0.049244788,-0.015078606,0.07696224,-0.8329159,0.013568057,0.028873187,0.024565393,0.062468126,-0.04136364,0.10853666,-0.035116572,-0.002194329,0.012018204,0.004172759,-0.022514874,-0.010267348,0.031288277,-0.060733274,-0.0134603055,-0.011579614,-0.26591915,0.15098728,0.006392151,0.030611716,0.049568016,0.020288177,-0.014350472,-0.20680918,-0.28452548,-0.6693149,0.012967427,-0.21799804,-0.045800738,-0.03612595,-0.07303509,0.014291175,0.015819566,0.08307772,-0.018743666,-0.10109671,0.022342911,-0.038805038,-0.65830755,0.054010954,-0.01808879,0.110824674,0.051204745,-0.013818619,0.054082863,0.015875457,-0.14901225,0.009522079,-0.058427647,0.030890966,-0.004679502,0.09863756,0.019769264,0.0034074334,-0.0056192456,0.024990657,0.028239666,-0.053484183,0.016584162,0.015124986,-0.006432005,0.062555976,-0.027112016,0.01610834,0.1545389,0.033299137,0.024773147,0.008653956,-0.020140434,0.006556784,-0.002563968,0.03286112,0.0027915812,0.004380802,-0.0031583935,-0.015879922,-0.00541677,0.008481218,-0.19247854,0.0069636814,-0.014434596,0.09648654,0.019807823,0.064275675,0.046231557,-0.25137118
